id,company,phone,address,website,leadtype,customer,partner,first_group,different_domains,full_name,first_name,last_name,category,street_address,city,state,zip,email_domain,web_domain,email
ChIJ61eqyJjM4IMRZmy_VDNsAZw,Epoxy Flooring Solution by Viktor,(929) 470-1830,"971 US-9, Parlin, NJ 08859, USA",,No Website,,,,,,,,,,,,,,,davidh@bullepoxy.com
ChIJ61eqyJjM4IMRZmy_VDNsAZw,Epoxy Flooring Solution by Viktor,(929) 470-1830,"971 US-9, Parlin, NJ 08859, USA",,No Website,,,,,,,,,,,,,,,info@epoxyflooringllc.com
ChIJ61eqyJjM4IMRZmy_VDNsAZw,Epoxy Flooring Solution by Viktor,(929) 470-1830,"971 US-9, Parlin, NJ 08859, USA",,No Website,,,,,,,,,,,,,,,office@floorsmg.com
ChIJX1zJA8Vzw4kRoi6fBf0Z6Io,Daz Repairs LLC,(973) 445-5239,"70 Ripplewood Dr, Lake Hopatcong, NJ 07849, USA",,No Website,,,,,,,,,,,,,,,diazrepairsandimprovementsllc@gmail.com
ChIJK6TMwSRZwokRH9pSurH3otM,White Rhino Resurfacing- Epoxy And Concrete Floors,(201) 540-9398,"6415 Broadway B300, West New York, NJ 07093, USA",,No Website,,,,,,,,,,,,,,,contact@qualitybusinessawards.com
ChIJZeTOI6czwokRC_TsIID3E5c,The Epoxy Guys LLC,(732) 616-2526,"103 Lawley Dr, Lincroft, NJ 07738, USA",,No Website,,,,,,,,,,,,,,,info@epoxyflooringllc.com
ChIJZeTOI6czwokRC_TsIID3E5c,The Epoxy Guys LLC,(732) 616-2526,"103 Lawley Dr, Lincroft, NJ 07738, USA",,No Website,,,,,,,,,,,,,,,info@jerseyepoxy.com
ChIJZeTOI6czwokRC_TsIID3E5c,The Epoxy Guys LLC,(732) 616-2526,"103 Lawley Dr, Lincroft, NJ 07738, USA",,No Website,,,,,,,,,,,,,,,office@floorsmg.com
ChIJO7JdC8o0OkcRfey2NoUE9E4,Done right epoxy flooring and concrete repairs,(732) 604-5754,"30 Steinhardt Ave, Old Bridge, NJ 08857, USA",,No Website,,,,,,,,,,,,,,,info@yepoxyfloorsnewjersey.com
ChIJO7JdC8o0OkcRfey2NoUE9E4,Done right epoxy flooring and concrete repairs,(732) 604-5754,"30 Steinhardt Ave, Old Bridge, NJ 08857, USA",,No Website,,,,,,,,,,,,,,,platinumresinnj@outlook.com
ChIJO7JdC8o0OkcRfey2NoUE9E4,Done right epoxy flooring and concrete repairs,(732) 604-5754,"30 Steinhardt Ave, Old Bridge, NJ 08857, USA",,No Website,,,,,,,,,,,,,,,tanya@duraamen.com
ChIJCeWms1L2wokRGbYaptEdi6A,"East Coast Epoxy Floors, LLC",(973) 692-8587,"400 B E Edsall Blvd, Palisades Park, NJ 07650, USA",,No Website,,,,,,,,,,,,,,,-9184victor@eastcoastepoxyfloors.com
ChIJCeWms1L2wokRGbYaptEdi6A,"East Coast Epoxy Floors, LLC",(973) 692-8587,"400 B E Edsall Blvd, Palisades Park, NJ 07650, USA",,No Website,,,,,,,,,,,,,,,info@ecpmllc.com
ChIJCeWms1L2wokRGbYaptEdi6A,"East Coast Epoxy Floors, LLC",(973) 692-8587,"400 B E Edsall Blvd, Palisades Park, NJ 07650, USA",,No Website,,,,,,,,,,,,,,,victor@eastcoastepoxyfloors.com
ChIJBVUeirJ5_IgRUKGGIiCDYuE,Garage Floor Xpress LLC,(843) 505-3890,"1 Ashton Cove Dr, Hilton Head Island, SC 29928, USA",,No Website,,,,,,,,,,,,,,,zbcchs@gmail.com
ChIJPw-r80Kb-4gR-LtYXHSaJzA,Floors and More LLC,(843) 540-3402,"90 Sand Piper Ln E, Hardeeville, SC 29927, USA",,No Website,,,,,,,,,,,,,,,flavio@flooritmore.com
ChIJPw-r80Kb-4gR-LtYXHSaJzA,Floors and More LLC,(843) 540-3402,"90 Sand Piper Ln E, Hardeeville, SC 29927, USA",,No Website,,,,,,,,,,,,,,,floorsandmore2day@gmail.com
ChIJPw-r80Kb-4gR-LtYXHSaJzA,Floors and More LLC,(843) 540-3402,"90 Sand Piper Ln E, Hardeeville, SC 29927, USA",,No Website,,,,,,,,,,,,,,,info@floorsandmorelowcountry.com
ChIJPw-r80Kb-4gR-LtYXHSaJzA,Floors and More LLC,(843) 540-3402,"90 Sand Piper Ln E, Hardeeville, SC 29927, USA",,No Website,,,,,,,,,,,,,,,info@floorsandmorestore.com
ChIJPw-r80Kb-4gR-LtYXHSaJzA,Floors and More LLC,(843) 540-3402,"90 Sand Piper Ln E, Hardeeville, SC 29927, USA",,No Website,,,,,,,,,,,,,,,wendi@flooritmore.com
ChIJreIwh1J3_IgRclKVrLHFLiU,Jureka Lowcountry Services,(843) 227-1033,"29 Otter Hole Rd #12, Hilton Head Island, SC 29926, USA",,No Website,,,,,,,,,,,,,,,jlshhi@yahoo.com
ChIJf6xezptAwkURdT5WgNLLC8U,Epoxy The Carolinas,(843) 518-9501,"2117 Captain Ave, North Charleston, SC 29405, USA",,No Website,,,,,,,,,,,,,,,info@triangleepoxy.com
ChIJS55ZoGgKw4kR36VTO9vdFcY,RC Home Improvements Contractors LLC,(973) 876-4805,"3118 NJ-10 Rear Building, Denville, NJ 07834, USA",,No Website,,,,,,,,,,,,,,,rc.hic@hotmail.com
ChIJn_vI7TQ4ew8RYqAe0ujxzbU,HandyHero Home Improvement,(973) 476-9017,"24 Tarn Dr, Morris Plains, NJ 07950, USA",,No Website,,,,,,,,,,,,,,,handyheronj@gmail.com
ChIJVVX5ssCmw4kRMgGbMLsc8A4,TNS Home Improvements,(973) 336-6676,"16 Harvard St, Dover, NJ 07801, USA",,No Website,,,,,,,,,,,,,,,tns.homeimprovements@gmail.com
ChIJLW-WrH8Lw4kRdzQaOJoxB9U,G&S Reliable Construction,(973) 615-6738,"11 Michael Ct, Dover, NJ 07801, USA",,No Website,,,,,,,,,,,,,,,gsreliableconstruction@gmail.com
ChIJkYjRNsitw4kR6w12Tv5shiA,ReFresh Home Improvements,(973) 507-6448,"2 Leprechaun Dr, Millington, NJ 07946, USA",,No Website,,,,,,,,,,,,,,,contactus@refreshnj.com
ChIJkYjRNsitw4kR6w12Tv5shiA,ReFresh Home Improvements,(973) 507-6448,"2 Leprechaun Dr, Millington, NJ 07946, USA",,No Website,,,,,,,,,,,,,,,lojashomeimprovement@gmail.com
ChIJkYjRNsitw4kR6w12Tv5shiA,ReFresh Home Improvements,(973) 507-6448,"2 Leprechaun Dr, Millington, NJ 07946, USA",,No Website,,,,,,,,,,,,,,,sean@refreshhomerenovations.com
ChIJa__TPwILw4kRFnYRjU4H4TE,DHI Home Improvements,(973) 874-3361,"179 N Main St, Wharton, NJ 07885, USA",,No Website,,,,,,,,,,,,,,,dhihomeimprovements47@gmail.com
ChIJa__TPwILw4kRFnYRjU4H4TE,DHI Home Improvements,(973) 874-3361,"179 N Main St, Wharton, NJ 07885, USA",,No Website,,,,,,,,,,,,,,,dhitreeservices6@gmail.com
ChIJCYjXH2sKw4kR3E3_fK5bJBU,BAS Construction,(973) 337-2227,"350 US-46 #219, Rockaway, NJ 07866, USA",,No Website,,,,,,,,,,,,,,,dixita.patel@centenaryuniversity.edu
ChIJCYjXH2sKw4kR3E3_fK5bJBU,BAS Construction,(973) 337-2227,"350 US-46 #219, Rockaway, NJ 07866, USA",,No Website,,,,,,,,,,,,,,,ideal@centenaryuniversity.edu
ChIJf3YxZE3Pw4kRpe0SSWnxPfU,Lenny's Home Improvements,(732) 613-5006,"439 Old Bridge Turnpike suite3, East Brunswick, NJ 08816, USA",,No Website,,,,,,,,,,,,,,,info@lennyshomeimprovementsinc.com
ChIJf3YxZE3Pw4kRpe0SSWnxPfU,Lenny's Home Improvements,(732) 613-5006,"439 Old Bridge Turnpike suite3, East Brunswick, NJ 08816, USA",,No Website,,,,,,,,,,,,,,,lennysgardentree@gmail.com
ChIJaYCi-uTHw4kR0FRfUmc7HAc,Miguel C & Brothers Construction LLC,(732) 984-2174,"238 Livingston Ave, New Brunswick, NJ 08901, USA",,No Website,,,,,,,,,,,,,,,miguel.cortes@miguelcconstructionllc.com
ChIJfVHfIvbBw4kRKW5MrgXQMEU,WB HOME IMPROVEMENT & REPAIRS LLC,(732) 319-2285,"63 Dahmer Rd, Somerset, NJ 08873, USA",,No Website,,,,,,,,,,,,,,,wbgeneralcontractorllc@gmail.com
ChIJ0ysIeZV2iwQRTFuvh730gBQ,"JABE Construction LLC - Construction and Remodeling, General Construction Company New Brunswick NJ",(732) 402-3147,"329 Suydam St, New Brunswick, NJ 08901, USA",,No Website,,,,,,,,,,,,,,,jabeconstructionllc@gmail.com
ChIJ0ysIeZV2iwQRTFuvh730gBQ,"JABE Construction LLC - Construction and Remodeling, General Construction Company New Brunswick NJ",(732) 402-3147,"329 Suydam St, New Brunswick, NJ 08901, USA",,No Website,,,,,,,,,,,,,,,jamhomerenovations@gmail.com
ChIJxy_mtzi5w4kR4FMcYgWnCpE,J Reyes Home Improvement,(908) 416-0904,"135 Front St, Dunellen, NJ 08812, USA",,No Website,,,,,,,,,,,,,,,jesus61984@gmail.com
ChIJxy_mtzi5w4kR4FMcYgWnCpE,J Reyes Home Improvement,(908) 416-0904,"135 Front St, Dunellen, NJ 08812, USA",,No Website,,,,,,,,,,,,,,,leoreyes@me.com
ChIJAQBMMYPIw4kRPyaFU_WJvPs,D&C Quality Home LLC,(848) 391-4907,"4 Roberts Rd, New Brunswick, NJ 08901, USA",,No Website,,,,,,,,,,,,,,,dandcqualityhome@gmail.com
ChIJvWvB2BK3w4kRCWozo65FIt0,DR Home Improvement LLC,(631) 805-7232,"Cedar St, Colonia, NJ 07067, USA",,No Website,,,,,,,,,,,,,,,dmc_contractors@llcservices.org
ChIJvWvB2BK3w4kRCWozo65FIt0,DR Home Improvement LLC,(631) 805-7232,"Cedar St, Colonia, NJ 07067, USA",,No Website,,,,,,,,,,,,,,,drfixitstudios@gmail.com
ChIJvWvB2BK3w4kRCWozo65FIt0,DR Home Improvement LLC,(631) 805-7232,"Cedar St, Colonia, NJ 07067, USA",,No Website,,,,,,,,,,,,,,,drhomenj@gmail.com
ChIJvWvB2BK3w4kRCWozo65FIt0,DR Home Improvement LLC,(631) 805-7232,"Cedar St, Colonia, NJ 07067, USA",,No Website,,,,,,,,,,,,,,,info@drconstructionremodeling.com
ChIJM1LIgJ2_w4kRyJZgzKzTFso,Hb home improvement,(848) 219-8539,"22 N 7th Ave #1, Manville, NJ 08835, USA",,No Website,,,,,,,,,,,,,,,hbgcustomercare@hbhomeserviceteam.com
ChIJM1LIgJ2_w4kRyJZgzKzTFso,Hb home improvement,(848) 219-8539,"22 N 7th Ave #1, Manville, NJ 08835, USA",,No Website,,,,,,,,,,,,,,,info@heritagebuildersnj.com
ChIJldbFYB7Hw4kR1faAiFEvtwQ,FAVORITE CONSTRUCTION LLC,(732) 648-3865,"22 Sterling Rd, Princeton, NJ 08540, USA",,No Website,,,,,,,,,,,,,,,favoritehomeservices@gmail.com
ChIJD1PjXyX9wokRM4BmQcqKXcA,"Riverside Home Improvements, LLC",(973) 304-1350,"769 Lafayette Ave, Hawthorne, NJ 07506, USA",,No Website,,,,,,,,,,,,,,,gary@riversidellcnj.com
ChIJD1PjXyX9wokRM4BmQcqKXcA,"Riverside Home Improvements, LLC",(973) 304-1350,"769 Lafayette Ave, Hawthorne, NJ 07506, USA",,No Website,,,,,,,,,,,,,,,garyjr@riversidellcnj.com
ChIJD1PjXyX9wokRM4BmQcqKXcA,"Riverside Home Improvements, LLC",(973) 304-1350,"769 Lafayette Ave, Hawthorne, NJ 07506, USA",,No Website,,,,,,,,,,,,,,,info@riversidellcnj.com
ChIJD1PjXyX9wokRM4BmQcqKXcA,"Riverside Home Improvements, LLC",(973) 304-1350,"769 Lafayette Ave, Hawthorne, NJ 07506, USA",,No Website,,,,,,,,,,,,,,,sheree@riversidellcnj.com
ChIJM0A-QM-FwYkRuuW33gBk5S0,Dream Home Builders LLC,(732) 714-2180,"2209 Taylor Ave, Point Pleasant, NJ 08742, USA",,No Website,,,,,,,,,,,,,,,build@dreamconceptscontracting.com
ChIJM0A-QM-FwYkRuuW33gBk5S0,Dream Home Builders LLC,(732) 714-2180,"2209 Taylor Ave, Point Pleasant, NJ 08742, USA",,No Website,,,,,,,,,,,,,,,contact@dreamhomesltd.com
ChIJM0A-QM-FwYkRuuW33gBk5S0,Dream Home Builders LLC,(732) 714-2180,"2209 Taylor Ave, Point Pleasant, NJ 08742, USA",,No Website,,,,,,,,,,,,,,,dreamhomebuildersllc@gmail.com
ChIJM0A-QM-FwYkRuuW33gBk5S0,Dream Home Builders LLC,(732) 714-2180,"2209 Taylor Ave, Point Pleasant, NJ 08742, USA",,No Website,,,,,,,,,,,,,,,dreamhomedevelopers@aol.com
ChIJM0A-QM-FwYkRuuW33gBk5S0,Dream Home Builders LLC,(732) 714-2180,"2209 Taylor Ave, Point Pleasant, NJ 08742, USA",,No Website,,,,,,,,,,,,,,,njdreambuildersllc@gmail.com
ChIJR9NJLPC0w4kR-WYw9oJDttA,P B Home Improvements,(732) 501-6625,"54 E St, Port Reading, NJ 07064, USA",,No Website,,,,,,,,,,,,,,,pb@pbhomerepairs.net
ChIJR9NJLPC0w4kR-WYw9oJDttA,P B Home Improvements,(732) 501-6625,"54 E St, Port Reading, NJ 07064, USA",,No Website,,,,,,,,,,,,,,,pbconstruction1@gmail.com
ChIJR9NJLPC0w4kR-WYw9oJDttA,P B Home Improvements,(732) 501-6625,"54 E St, Port Reading, NJ 07064, USA",,No Website,,,,,,,,,,,,,,,premierbldr@aol.com
ChIJ9euTuQ2GwYkRAljoh-odIDw,Complete Construction & Remodeling,(732) 703-0704,"234 Hawthorne Ave #3, Point Pleasant Beach, NJ 08742, USA",,No Website,,,,,,,,,,,,,,,ccnjconstruction@gmail.com
ChIJ9euTuQ2GwYkRAljoh-odIDw,Complete Construction & Remodeling,(732) 703-0704,"234 Hawthorne Ave #3, Point Pleasant Beach, NJ 08742, USA",,No Website,,,,,,,,,,,,,,,completehomeservicesnj@gmail.com
ChIJ9euTuQ2GwYkRAljoh-odIDw,Complete Construction & Remodeling,(732) 703-0704,"234 Hawthorne Ave #3, Point Pleasant Beach, NJ 08742, USA",,No Website,,,,,,,,,,,,,,,info@completedesignind.com
ChIJ25GTSk0l8gURHBN_HnALe1g,Refined Renovations NJ LLC,(856) 462-0111,"617 Fava Dr, Vineland, NJ 08360, USA",,No Website,,,,,,,,,,,,,,,refinedrenovationsnj@gmail.com
ChIJFxWjxXoyx4kRc_FZzO2nqrE,Kelly Construction,(856) 692-1960,"529 E Plum St, Vineland, NJ 08360, USA",,No Website,,,,,,,,,,,,,,,info@kellybuildersnj.com
ChIJFxWjxXoyx4kRc_FZzO2nqrE,Kelly Construction,(856) 692-1960,"529 E Plum St, Vineland, NJ 08360, USA",,No Website,,,,,,,,,,,,,,,kelly@kellybuilderllc.com
ChIJFxWjxXoyx4kRc_FZzO2nqrE,Kelly Construction,(856) 692-1960,"529 E Plum St, Vineland, NJ 08360, USA",,No Website,,,,,,,,,,,,,,,sales@kellyexteriorsnj.com
ChIJhbhrm64yx4kR1Mx3o19YDMU,Davco Construction Inc.,N/A,"2630 E Chestnut Ave STE D2, Vineland, NJ 08361, USA",,No Website,,,,,,,,,,,,,,,cbaylinson@pmbb.com
ChIJiRGNFdMtx4kRtWKUB1e7oZ0,UNDER BUDGET HOME IMPROVEMENT,(856) 896-5861,"224 Laurel St, Vineland, NJ 08360, USA",,No Website,,,,,,,,,,,,,,,tstrowe@scotchplainsnj.com
ChIJhXU3CzEyx4kR_THl8r-OAuM,"GEN X Electrical Contractors, NJ",(856) 297-0394,"1452 S Delsea Dr, Vineland, NJ 08360, USA",,No Website,,,,,,,,,,,,,,,info@genexenergy.com
ChIJf010yuoyx4kR3zcB0-Gth3A,Underpressure Powerwashing & Painting,(856) 558-2978,"241 E Wood St, Vineland, NJ 08360, USA",,No Website,,,,,,,,,,,,,,,contact@underpressurenewjersey.com
ChIJf010yuoyx4kR3zcB0-Gth3A,Underpressure Powerwashing & Painting,(856) 558-2978,"241 E Wood St, Vineland, NJ 08360, USA",,No Website,,,,,,,,,,,,,,,underjkpressurewashing@gmail.com
ChIJf010yuoyx4kR3zcB0-Gth3A,Underpressure Powerwashing & Painting,(856) 558-2978,"241 E Wood St, Vineland, NJ 08360, USA",,No Website,,,,,,,,,,,,,,,underpressure5755@gmail.com
ChIJSwfIeD0yx4kRw8dYvijlqcU,A & A Home Improvements,(856) 690-1506,"1071 W Chestnut Ave, Vineland, NJ 08360, USA",,No Website,,,,,,,,,,,,,,,agonzalez2406@hotmail.com
ChIJSwfIeD0yx4kRw8dYvijlqcU,A & A Home Improvements,(856) 690-1506,"1071 W Chestnut Ave, Vineland, NJ 08360, USA",,No Website,,,,,,,,,,,,,,,info@aaaffordablehome.com
ChIJ7eY3f28yx4kRD3YFd8Y3180,Wallace Supply Co,(856) 692-4800,"108 Southwest Blvd, Vineland, NJ 08360, USA",,No Website,,,,,,,,,,,,,,,jmiller@wallace-supply.com
ChIJQZS2jmwyx4kRiMQSiz9Sybg,R C Property Maintenance & Handyman,(856) 213-5498,"201 S West Ave, Vineland, NJ 08360, USA",,No Website,,,,,,,,,,,,,,,centraljersey@cjpmsnj.com
ChIJQZS2jmwyx4kRiMQSiz9Sybg,R C Property Maintenance & Handyman,(856) 213-5498,"201 S West Ave, Vineland, NJ 08360, USA",,No Website,,,,,,,,,,,,,,,robert@rcpropertyservicesllc.com
ChIJKy3d1j0yx4kREJYBtVnCaSQ,Kitchens123,(856) 839-7224,"646 S Delsea Dr, Vineland, NJ 08360, USA",,No Website,,,,,,,,,,,,,,,cwilliams@kitchens123.net
ChIJKy3d1j0yx4kREJYBtVnCaSQ,Kitchens123,(856) 839-7224,"646 S Delsea Dr, Vineland, NJ 08360, USA",,No Website,,,,,,,,,,,,,,,info@kenakitchens.com
ChIJ8WU2zzx5_IgRR6X27DaD6V0,Hilton Head Home Solutions,(843) 227-4087,"18 Executive Park Rd # 3, Hilton Head Island, SC 29928, USA",,No Website,,,,,,,,,,,,,,,hiltonheadhomesolutions@outlook.com
ChIJN7qmhNF3_IgRBTWQ4jgWSGE,Cando Construction LLC,(843) 422-6853,"21 Manatee Way, Hilton Head Island, SC 29926, USA",,No Website,,,,,,,,,,,,,,,behrang@candoconstruct.com
ChIJN7qmhNF3_IgRBTWQ4jgWSGE,Cando Construction LLC,(843) 422-6853,"21 Manatee Way, Hilton Head Island, SC 29926, USA",,No Website,,,,,,,,,,,,,,,candolopez1988@gmail.com
ChIJVTHUK094_IgRg-mgu7LeXWU,Vertical Construction LLC,(843) 785-5955,"14 Bay Pines Dr, Hilton Head Island, SC 29928, USA",,No Website,,,,,,,,,,,,,,,jckbuilder@aol.com
ChIJreWtT8Fw_IgRi0ZPBDRdkCo,Island Builders,(843) 681-8823,"1 Cardinal Ct, Hilton Head Island, SC 29926, USA",,No Website,,,,,,,,,,,,,,,atwarranty@timberlake.com
ChIJreWtT8Fw_IgRi0ZPBDRdkCo,Island Builders,(843) 681-8823,"1 Cardinal Ct, Hilton Head Island, SC 29926, USA",,No Website,,,,,,,,,,,,,,,info@seaislandbuilders.com
ChIJreWtT8Fw_IgRi0ZPBDRdkCo,Island Builders,(843) 681-8823,"1 Cardinal Ct, Hilton Head Island, SC 29926, USA",,No Website,,,,,,,,,,,,,,,information@sildsc.com
ChIJreWtT8Fw_IgRi0ZPBDRdkCo,Island Builders,(843) 681-8823,"1 Cardinal Ct, Hilton Head Island, SC 29926, USA",,No Website,,,,,,,,,,,,,,,jay@icg-dev.com
ChIJtVHv7uV5_IgRYaaQGssUTJQ,"E-Z Home Services, LLC",(847) 774-9222,"115 Arrow Rd, Hilton Head Island, SC 29928, USA",,No Website,,,,,,,,,,,,,,,e_zhomeimp@yahoo.com
ChIJtVHv7uV5_IgRYaaQGssUTJQ,"E-Z Home Services, LLC",(847) 774-9222,"115 Arrow Rd, Hilton Head Island, SC 29928, USA",,No Website,,,,,,,,,,,,,,,info@ezhomeservicesllc.com
ChIJIX7rmFR4_IgR8Dr55WobB5E,LG Hewitt Custom Builders,(843) 295-8603,"1 Possum Ln, Hilton Head Island, SC 29928, USA",,No Website,,,,,,,,,,,,,,,howard@hewittbuilder.com
ChIJHQPx_VJ4_IgRZPRkzXLgQTc,"Gayle Remodelers, Inc",(843) 684-0782,"13 Bow Circle, PMB#134 (bgayle@grihhi.com, Mailing Addresses are shown Above, 13 Bow Cir #134, Hilton Head Island, SC 29928, USA",,No Website,,,,,,,,,,,,,,,bgayle@grihhi.com
ChIJF4o2Cqd5_IgRdLCYgAb8REQ,Grey Hawk Construction Llc,(843) 298-1473,"Office Park Rd, Hilton Head Island, SC 29928, USA",,No Website,,,,,,,,,,,,,,,info@grayhawkhomes.com
ChIJF4o2Cqd5_IgRdLCYgAb8REQ,Grey Hawk Construction Llc,(843) 298-1473,"Office Park Rd, Hilton Head Island, SC 29928, USA",,No Website,,,,,,,,,,,,,,,stan@hawkconstructionga.com
ChIJVyXaKfGI-4gRnbnpJvunWTs,Sal's Home Improvements,(843) 227-1028,"Bluffton, SC 29910, USA",,No Website,,,,,,,,,,,,,,,yahir.hilario@gmail.com
ChIJf13vXdSJ-4gRCKrS1lGv4aw,George handy man services LLC,(854) 212-1986,"9g Kellie Ct, Bluffton, SC 29910, USA",,No Website,,,,,,,,,,,,,,,4georgesservicesllc@gmail.com
ChIJf13vXdSJ-4gRCKrS1lGv4aw,George handy man services LLC,(854) 212-1986,"9g Kellie Ct, Bluffton, SC 29910, USA",,No Website,,,,,,,,,,,,,,,georgehandyman05@gmail.com
ChIJS4U2cg6J-4gRd44szZxYh20,A Brush Above Painting,(843) 227-8290,"161 Oak Forest Rd, Bluffton, SC 29910, USA",,No Website,,,,,,,,,,,,,,,abrushabovepaintingsc@gmail.com
ChIJS4U2cg6J-4gRd44szZxYh20,A Brush Above Painting,(843) 227-8290,"161 Oak Forest Rd, Bluffton, SC 29910, USA",,No Website,,,,,,,,,,,,,,,rvkee475@gmail.com
ChIJjf8saPhZ_ogRfIwkx_1xfaI,Home improvement masters llc,(843) 489-7270,"1461 Old Whitesville Rd, Moncks Corner, SC 29461, USA",,No Website,,,,,,,,,,,,,,,bryan.daly@masterinsp.com
ChIJjf8saPhZ_ogRfIwkx_1xfaI,Home improvement masters llc,(843) 489-7270,"1461 Old Whitesville Rd, Moncks Corner, SC 29461, USA",,No Website,,,,,,,,,,,,,,,homeimprovementmasters@yahoo.com
ChIJjf8saPhZ_ogRfIwkx_1xfaI,Home improvement masters llc,(843) 489-7270,"1461 Old Whitesville Rd, Moncks Corner, SC 29461, USA",,No Website,,,,,,,,,,,,,,,info@honeyimhomellc.com
ChIJsf-szkx2YCYRWa74PZU5WF0,N&B Contracting CHS,(843) 709-3308,"272 Ashley Ave, Charleston, SC 29403, USA",,No Website,,,,,,,,,,,,,,,nb.contractor@yahoo.com
ChIJdRcAQ9Wd-4gRxVhuThRDOms,Jerel's Home Improvement,(912) 323-4231,"2112 Greenwood St, Savannah, GA 31404, USA",,No Website,,,,,,,,,,,,,,,contact@jdshomeimprovementsc.com
ChIJdRcAQ9Wd-4gRxVhuThRDOms,Jerel's Home Improvement,(912) 323-4231,"2112 Greenwood St, Savannah, GA 31404, USA",,No Website,,,,,,,,,,,,,,,jelsyhomeimprovement098@gmail.com
ChIJUR9rFfef-4gRL24eh5mU16g,Savannah Roofing Contractors,(912) 205-8081,"312 W Saint Julian Street, Savannah, GA 31401, USA",,No Website,,,,,,,,,,,,,,,info@savannahroofingexperts.com
ChIJUR9rFfef-4gRL24eh5mU16g,Savannah Roofing Contractors,(912) 205-8081,"312 W Saint Julian Street, Savannah, GA 31401, USA",,No Website,,,,,,,,,,,,,,,secroofingandsiding@gmail.com
ChIJRSMnlWae-4gRzvO4tMag7qY,New South Construction,(912) 233-8699,"22 Barnard St, Savannah, GA 31401, USA",,No Website,,,,,,,,,,,,,,,communications@newsouthconstruction.com
ChIJRSMnlWae-4gRzvO4tMag7qY,New South Construction,(912) 233-8699,"22 Barnard St, Savannah, GA 31401, USA",,No Website,,,,,,,,,,,,,,,financials@newsouthconstruction.com
ChIJRSMnlWae-4gRzvO4tMag7qY,New South Construction,(912) 233-8699,"22 Barnard St, Savannah, GA 31401, USA",,No Website,,,,,,,,,,,,,,,info@newsouthsupply.com
ChIJRSMnlWae-4gRzvO4tMag7qY,New South Construction,(912) 233-8699,"22 Barnard St, Savannah, GA 31401, USA",,No Website,,,,,,,,,,,,,,,orders-atlanta@newsouthsupply.com
ChIJRSMnlWae-4gRzvO4tMag7qY,New South Construction,(912) 233-8699,"22 Barnard St, Savannah, GA 31401, USA",,No Website,,,,,,,,,,,,,,,orders-charleston@newsouthsupply.com
ChIJRSMnlWae-4gRzvO4tMag7qY,New South Construction,(912) 233-8699,"22 Barnard St, Savannah, GA 31401, USA",,No Website,,,,,,,,,,,,,,,orders-columbia@newsouthsupply.com
ChIJRSMnlWae-4gRzvO4tMag7qY,New South Construction,(912) 233-8699,"22 Barnard St, Savannah, GA 31401, USA",,No Website,,,,,,,,,,,,,,,orders-greenville@newsouthsupply.com
ChIJRSMnlWae-4gRzvO4tMag7qY,New South Construction,(912) 233-8699,"22 Barnard St, Savannah, GA 31401, USA",,No Website,,,,,,,,,,,,,,,orders-hardeeville@newsouthsupply.com
ChIJRSMnlWae-4gRzvO4tMag7qY,New South Construction,(912) 233-8699,"22 Barnard St, Savannah, GA 31401, USA",,No Website,,,,,,,,,,,,,,,orders-myrtlebeach@newsouthsupply.com
ChIJh-LaFBqe-4gR7_ZOnYWcqiY,Wells Anderson Construction,(912) 484-4066,"660 E 39th St, Savannah, GA 31401, USA",,No Website,,,,,,,,,,,,,,,dee@mostellerconstruction.com
ChIJUVB3RG-e-4gR9ozpHE7WYxo,Bloomquist Construction,(912) 525-7782,"124 E Mc Donough St, Savannah, GA 31401, USA",,No Website,,,,,,,,,,,,,,,jenblom28@yahoo.com
ChIJG7k3RYoJw4kRRyTzTkkvKA4,Stone’s Landscaping,(201) 978-6579,"1 Bank St, Rockaway, NJ 07866, USA",,No Website,,,,,,,,,,,,,,,bluestone2381@gmail.com
ChIJG7k3RYoJw4kRRyTzTkkvKA4,Stone’s Landscaping,(201) 978-6579,"1 Bank St, Rockaway, NJ 07866, USA",,No Website,,,,,,,,,,,,,,,hstonesila@gmail.com
ChIJG7k3RYoJw4kRRyTzTkkvKA4,Stone’s Landscaping,(201) 978-6579,"1 Bank St, Rockaway, NJ 07866, USA",,No Website,,,,,,,,,,,,,,,marcusstone@stone-and-sons.com
ChIJG7k3RYoJw4kRRyTzTkkvKA4,Stone’s Landscaping,(201) 978-6579,"1 Bank St, Rockaway, NJ 07866, USA",,No Website,,,,,,,,,,,,,,,mary.stoneassociates@gmail.com
ChIJG7k3RYoJw4kRRyTzTkkvKA4,Stone’s Landscaping,(201) 978-6579,"1 Bank St, Rockaway, NJ 07866, USA",,No Website,,,,,,,,,,,,,,,mike@stonecreekbackyards.com
ChIJG7k3RYoJw4kRRyTzTkkvKA4,Stone’s Landscaping,(201) 978-6579,"1 Bank St, Rockaway, NJ 07866, USA",,No Website,,,,,,,,,,,,,,,stonehedge15east@hotmail.com
ChIJs3DRmpahw4kRe_Oo-XniQ58,JC LANDSCAPING & CONSTRUCTION,(201) 400-6197,"44 Center Grove Rd, Randolph, NJ 07869, USA",,No Website,,,,,,,,,,,,,,,jcalarcon170@gmail.com
ChIJs3DRmpahw4kRe_Oo-XniQ58,JC LANDSCAPING & CONSTRUCTION,(201) 400-6197,"44 Center Grove Rd, Randolph, NJ 07869, USA",,No Website,,,,,,,,,,,,,,,jclandscaping12@gmail.com
ChIJs3DRmpahw4kRe_Oo-XniQ58,JC LANDSCAPING & CONSTRUCTION,(201) 400-6197,"44 Center Grove Rd, Randolph, NJ 07869, USA",,No Website,,,,,,,,,,,,,,,jclcm@optonline.net
ChIJs3DRmpahw4kRe_Oo-XniQ58,JC LANDSCAPING & CONSTRUCTION,(201) 400-6197,"44 Center Grove Rd, Randolph, NJ 07869, USA",,No Website,,,,,,,,,,,,,,,john@jclandscapinginc.com
ChIJs3DRmpahw4kRe_Oo-XniQ58,JC LANDSCAPING & CONSTRUCTION,(201) 400-6197,"44 Center Grove Rd, Randolph, NJ 07869, USA",,No Website,,,,,,,,,,,,,,,sales@jclandscapinginc.com
ChIJ1WetH70Lw4kRvjPWjYNfync,QUALITY CASTLE LLC,(301) 633-0238,"21 Maple Ave, Dover, NJ 07801, USA",,No Website,,,,,,,,,,,,,,,designacastle@comcast.net
ChIJ1WetH70Lw4kRvjPWjYNfync,QUALITY CASTLE LLC,(301) 633-0238,"21 Maple Ave, Dover, NJ 07801, USA",,No Website,,,,,,,,,,,,,,,info@castlehomerepairs.com
ChIJcfvY0tGdw4kRBQFkqB9hSIg,"Gramajo Tree Service, Landscaping & Construction LLC",(973) 906-8039,"914 Robin Ct, Ledgewood, NJ 07852, USA",,No Website,,,,,,,,,,,,,,,grtreelawn@gmail.com
ChIJqbtVyInHw4kR6n-sWTr02h0,Prolawn Landscape Management LLC,(732) 433-2351,"600 Jersey Ave, New Brunswick, NJ 08901, USA",,No Website,,,,,,,,,,,,,,,admin@prolawnnj.com
ChIJqbtVyInHw4kR6n-sWTr02h0,Prolawn Landscape Management LLC,(732) 433-2351,"600 Jersey Ave, New Brunswick, NJ 08901, USA",,No Website,,,,,,,,,,,,,,,proferlawn@gmail.com
ChIJGyAjV47Hw4kRNQAVA77a9tQ,Green Lawns Landscaping LLC,(732) 979-5348,"Phillips Rd, Somerset, NJ 08873, USA",,No Website,,,,,,,,,,,,,,,agll07728@gmail.com
ChIJGyAjV47Hw4kRNQAVA77a9tQ,Green Lawns Landscaping LLC,(732) 979-5348,"Phillips Rd, Somerset, NJ 08873, USA",,No Website,,,,,,,,,,,,,,,greenlawns4u@hotmail.com
ChIJGyAjV47Hw4kRNQAVA77a9tQ,Green Lawns Landscaping LLC,(732) 979-5348,"Phillips Rd, Somerset, NJ 08873, USA",,No Website,,,,,,,,,,,,,,,info@richgreenlawns.com
ChIJGyAjV47Hw4kRNQAVA77a9tQ,Green Lawns Landscaping LLC,(732) 979-5348,"Phillips Rd, Somerset, NJ 08873, USA",,No Website,,,,,,,,,,,,,,,keepinitgreeninfo@gmail.com
ChIJGyAjV47Hw4kRNQAVA77a9tQ,Green Lawns Landscaping LLC,(732) 979-5348,"Phillips Rd, Somerset, NJ 08873, USA",,No Website,,,,,,,,,,,,,,,sales@greenlawnsprinklernj.com
ChIJcTN4Ggv7w4kRPXNYcwPydRc,Buono Landscaping Inc,(609) 466-2205,"2 E Broad St, Hopewell, NJ 08525, USA",,No Website,,,,,,,,,,,,,,,buonolandscape@aol.com
ChIJcTN4Ggv7w4kRPXNYcwPydRc,Buono Landscaping Inc,(609) 466-2205,"2 E Broad St, Hopewell, NJ 08525, USA",,No Website,,,,,,,,,,,,,,,gardeninganswers@aol.com
ChIJcTN4Ggv7w4kRPXNYcwPydRc,Buono Landscaping Inc,(609) 466-2205,"2 E Broad St, Hopewell, NJ 08525, USA",,No Website,,,,,,,,,,,,,,,joebuono@live.com
ChIJUYw0zyvjw4kRGOadevOv80M,B Rich Lawn Services & Landscaping,(609) 737-4444,"109 Blackwell Rd, Pennington, NJ 08534, USA",,No Website,,,,,,,,,,,,,,,bearlandscapingandpatios@gmail.com
ChIJUYw0zyvjw4kRGOadevOv80M,B Rich Lawn Services & Landscaping,(609) 737-4444,"109 Blackwell Rd, Pennington, NJ 08534, USA",,No Website,,,,,,,,,,,,,,,lawnservice.bc@gmail.com
ChIJUYw0zyvjw4kRGOadevOv80M,B Rich Lawn Services & Landscaping,(609) 737-4444,"109 Blackwell Rd, Pennington, NJ 08534, USA",,No Website,,,,,,,,,,,,,,,office@bandbsustainablelandscape.com
ChIJETxemXeFwYkRg35A_uI0IMs,Becker Landscaping LLC,(848) 299-2927,"801 Atlantic Ave, Point Pleasant Beach, NJ 08742, USA",,No Website,,,,,,,,,,,,,,,beckerlandscape99@gmail.com
ChIJ_1YrIZeFwYkRbK70B8FZpF8,Asch Brothers Landscaping,(732) 458-0255,"Point Pleasant, NJ 08742, USA",,No Website,,,,,,,,,,,,,,,aschbrotherslandscaping@gmail.com
ChIJkyZ-MNOFwYkR9FK04rgTbiM,Clean Cut Lawn Care Corporation,(732) 714-1786,"1126 Morris Ave, Point Pleasant, NJ 08742, USA",,No Website,,,,,,,,,,,,,,,cleancutlawnandsnow@comcast.net
ChIJkyZ-MNOFwYkR9FK04rgTbiM,Clean Cut Lawn Care Corporation,(732) 714-1786,"1126 Morris Ave, Point Pleasant, NJ 08742, USA",,No Website,,,,,,,,,,,,,,,landscaping@gmail.com
ChIJkyZ-MNOFwYkR9FK04rgTbiM,Clean Cut Lawn Care Corporation,(732) 714-1786,"1126 Morris Ave, Point Pleasant, NJ 08742, USA",,No Website,,,,,,,,,,,,,,,nj.cleancutlandscaping@gmail.com
ChIJ1_pr0NyFwYkROxnCtuovYFE,Grass Masters Lawn Care LLC,(732) 232-4248,"2225 Kenneth Rd, Point Pleasant, NJ 08742, USA",,No Website,,,,,,,,,,,,,,,brian.grassmasters@gmail.com
ChIJ1_pr0NyFwYkROxnCtuovYFE,Grass Masters Lawn Care LLC,(732) 232-4248,"2225 Kenneth Rd, Point Pleasant, NJ 08742, USA",,No Website,,,,,,,,,,,,,,,grassmasters4@gmail.com
ChIJ1_pr0NyFwYkROxnCtuovYFE,Grass Masters Lawn Care LLC,(732) 232-4248,"2225 Kenneth Rd, Point Pleasant, NJ 08742, USA",,No Website,,,,,,,,,,,,,,,info@grassmasters.net
ChIJ1_pr0NyFwYkROxnCtuovYFE,Grass Masters Lawn Care LLC,(732) 232-4248,"2225 Kenneth Rd, Point Pleasant, NJ 08742, USA",,No Website,,,,,,,,,,,,,,,mike.grassmasters@gmail.com
ChIJ1_pr0NyFwYkROxnCtuovYFE,Grass Masters Lawn Care LLC,(732) 232-4248,"2225 Kenneth Rd, Point Pleasant, NJ 08742, USA",,No Website,,,,,,,,,,,,,,,nick@grassmastersnj.com
ChIJ1_pr0NyFwYkROxnCtuovYFE,Grass Masters Lawn Care LLC,(732) 232-4248,"2225 Kenneth Rd, Point Pleasant, NJ 08742, USA",,No Website,,,,,,,,,,,,,,,office@grassmastersnj.com
ChIJV27HcEctx4kRTj5YWSqGqCk,D&R landscaping,(856) 692-7600,"2185 E Wheat Rd, Vineland, NJ 08361, USA",,No Website,,,,,,,,,,,,,,,droutdoorservice@gmail.com
ChIJifVqblktx4kRZnYXgSHLWZQ,Gary's Lawn Service,(856) 696-2253,"2400 NW Ave, Vineland, NJ 08360, USA",,No Website,,,,,,,,,,,,,,,villagelandscaping@yahoo.com
ChIJZyfTH68zx4kR82Z5b7O76H4,Royal cuts landscape,(856) 285-0459,"794 E Walnut Rd, Vineland, NJ 08360, USA",,No Website,,,,,,,,,,,,,,,royaltouchlandscapingllc@gmail.com
ChIJZyfTH68zx4kR82Z5b7O76H4,Royal cuts landscape,(856) 285-0459,"794 E Walnut Rd, Vineland, NJ 08360, USA",,No Website,,,,,,,,,,,,,,,sales@royalmg.com
ChIJ3Q5xLlctx4kRbQ75hrOFXfY,Bokma Brothers Inc,(856) 691-1559,"822 N Brewster Rd, Vineland, NJ 08361, USA",,No Website,,,,,,,,,,,,,,,bokmabros@aol.com
ChIJeTXIu-Ayx4kRhJiYq7LwttU,Vineland Landscaping LLC,(856) 696-1800,"1180 Karin St, Vineland, NJ 08360, USA",,No Website,,,,,,,,,,,,,,,herbshamnj@comcast.net
ChIJeTXIu-Ayx4kRhJiYq7LwttU,Vineland Landscaping LLC,(856) 696-1800,"1180 Karin St, Vineland, NJ 08360, USA",,No Website,,,,,,,,,,,,,,,marquezlandscapingllc10@gmail.com
ChIJeTXIu-Ayx4kRhJiYq7LwttU,Vineland Landscaping LLC,(856) 696-1800,"1180 Karin St, Vineland, NJ 08360, USA",,No Website,,,,,,,,,,,,,,,nandoslandscapingllc@gmail.com
ChIJWQYoJIkzx4kRVZY1QKBfsxs,Tiras Landscaping,N/A,"76 S Orchard Rd, Vineland, NJ 08360, USA",,No Website,,,,,,,,,,,,,,,tiras_landscaping@outlook.com
ChIJDWjBFh8zx4kR4BhGJnUEpSE,Real time landscaping llc,(856) 364-1619,"3350 Wilderness Dr, Vineland, NJ 08361, USA",,No Website,,,,,,,,,,,,,,,realtimelandscapingnj@gmail.com
ChIJj3FNJvczx4kRGyNtdamtMOQ,"Nando's Landscaping, LLC",(856) 213-1103,"614 S 4th St, Vineland, NJ 08360, USA",,No Website,,,,,,,,,,,,,,,jimenezfer09@hotmail.com
ChIJj3FNJvczx4kRGyNtdamtMOQ,"Nando's Landscaping, LLC",(856) 213-1103,"614 S 4th St, Vineland, NJ 08360, USA",,No Website,,,,,,,,,,,,,,,nandoslandscapingllc@gmail.com
ChIJj3FNJvczx4kRGyNtdamtMOQ,"Nando's Landscaping, LLC",(856) 213-1103,"614 S 4th St, Vineland, NJ 08360, USA",,No Website,,,,,,,,,,,,,,,porfirio71@gmail.com
ChIJVRdr8KYzx4kRI9tCFYrFed4,JERRY'S LAWN CARE,(856) 696-3970,"606 Beacon Ave, Vineland, NJ 08360, USA",,No Website,,,,,,,,,,,,,,,jerryandsonlandscaping@verizon.net
ChIJVRdr8KYzx4kRI9tCFYrFed4,JERRY'S LAWN CARE,(856) 696-3970,"606 Beacon Ave, Vineland, NJ 08360, USA",,No Website,,,,,,,,,,,,,,,jg69vette@hotmail.com
ChIJVRdr8KYzx4kRI9tCFYrFed4,JERRY'S LAWN CARE,(856) 696-3970,"606 Beacon Ave, Vineland, NJ 08360, USA",,No Website,,,,,,,,,,,,,,,viperguy94@gmail.com
ChIJZ1cSMFktx4kR_0XIGIq6emA,Gio's Hardscaping LLC.,(856) 982-3649,"1177 Sharp Rd, Vineland, NJ 08360, USA",,No Website,,,,,,,,,,,,,,,gerardo11gonzalez@icloud.com
ChIJZ1cSMFktx4kR_0XIGIq6emA,Gio's Hardscaping LLC.,(856) 982-3649,"1177 Sharp Rd, Vineland, NJ 08360, USA",,No Website,,,,,,,,,,,,,,,gio.brother21stucco@gmail.com
ChIJZ1cSMFktx4kR_0XIGIq6emA,Gio's Hardscaping LLC.,(856) 982-3649,"1177 Sharp Rd, Vineland, NJ 08360, USA",,No Website,,,,,,,,,,,,,,,gio@gsbuilds.com
ChIJAQAAAEAyx4kRPH4J3Vbc6mk,Cutting Edge Lawn Services,(856) 498-6741,"Vineland, NJ 08360, USA",,No Website,,,,,,,,,,,,,,,nick@ce.land
ChIJnxiUM-Ytx4kRgTz-Pujcimo,Ivy Acres of NJ Inc,(856) 690-0001,"1419 W Garden Rd, Vineland, NJ 08360, USA",,No Website,,,,,,,,,,,,,,,cvdw@ivyacres.com
ChIJnxiUM-Ytx4kRgTz-Pujcimo,Ivy Acres of NJ Inc,(856) 690-0001,"1419 W Garden Rd, Vineland, NJ 08360, USA",,No Website,,,,,,,,,,,,,,,dbt3124@hotmail.com
ChIJrQi6G9dCzm4Ri4gOPQYaBsc,"360 Smart Irrigation, Sprinkler System",(856) 503-9629,"1849 Cedar Ave, Vineland, NJ 08360, USA",,No Website,,,,,,,,,,,,,,,gvirone@irrigatesmart.com
ChIJrQi6G9dCzm4Ri4gOPQYaBsc,"360 Smart Irrigation, Sprinkler System",(856) 503-9629,"1849 Cedar Ave, Vineland, NJ 08360, USA",,No Website,,,,,,,,,,,,,,,office@irrigatesmart.com
ChIJrQi6G9dCzm4Ri4gOPQYaBsc,"360 Smart Irrigation, Sprinkler System",(856) 503-9629,"1849 Cedar Ave, Vineland, NJ 08360, USA",,No Website,,,,,,,,,,,,,,,optout@ecosystemsnj.com
ChIJrQi6G9dCzm4Ri4gOPQYaBsc,"360 Smart Irrigation, Sprinkler System",(856) 503-9629,"1849 Cedar Ave, Vineland, NJ 08360, USA",,No Website,,,,,,,,,,,,,,,svirone@irrigatesmart.com
ChIJQRZeAsoYXk8RWVsy0q7sThE,Coastal Carolina Landscapes LLC,(843) 441-3789,"4924 Bluffton Parkway, Bluffton, SC 29910, USA",,No Website,,,,,,,,,,,,,,,davesheehan@yahoo.com
ChIJQRZeAsoYXk8RWVsy0q7sThE,Coastal Carolina Landscapes LLC,(843) 441-3789,"4924 Bluffton Parkway, Bluffton, SC 29910, USA",,No Website,,,,,,,,,,,,,,,info@coastalgreenery.com
ChIJQRZeAsoYXk8RWVsy0q7sThE,Coastal Carolina Landscapes LLC,(843) 441-3789,"4924 Bluffton Parkway, Bluffton, SC 29910, USA",,No Website,,,,,,,,,,,,,,,info@landscapeworkshop.com
ChIJQRZeAsoYXk8RWVsy0q7sThE,Coastal Carolina Landscapes LLC,(843) 441-3789,"4924 Bluffton Parkway, Bluffton, SC 29910, USA",,No Website,,,,,,,,,,,,,,,miguel@coastalhardscapesga.com
ChIJfd77HXt3_IgRClkdx1mkx5w,Quality Landscaping,(843) 368-3333,"44 Jessica Dr, Hilton Head Island, SC 29926, USA",,No Website,,,,,,,,,,,,,,,cs@qualitylandscapingllc.com
ChIJ1ze1G_Bw_IgRyQ7vZldTsW0,Brocam Landscaping,(843) 290-7673,"10 Fergusons Ln, Hilton Head Island, SC 29926, USA",,No Website,,,,,,,,,,,,,,,brocam.properties@outlook.com
ChIJ1ze1G_Bw_IgRyQ7vZldTsW0,Brocam Landscaping,(843) 290-7673,"10 Fergusons Ln, Hilton Head Island, SC 29926, USA",,No Website,,,,,,,,,,,,,,,brocamhh@yahoo.com
ChIJ48ELYU14_IgR8Q5wJnk7Q9I,Carolina Landscape,(843) 785-9011,"65 Arrow Rd, Hilton Head Island, SC 29928, USA",,No Website,,,,,,,,,,,,,,,carolinabluelandscaping.sc@gmail.com
ChIJ48ELYU14_IgR8Q5wJnk7Q9I,Carolina Landscape,(843) 785-9011,"65 Arrow Rd, Hilton Head Island, SC 29928, USA",,No Website,,,,,,,,,,,,,,,carolinasbestlandscape@gmail.com
ChIJ48ELYU14_IgR8Q5wJnk7Q9I,Carolina Landscape,(843) 785-9011,"65 Arrow Rd, Hilton Head Island, SC 29928, USA",,No Website,,,,,,,,,,,,,,,info@carolinalandscape.net
ChIJX8Lwm7B3_IgRjfdsChmSROc,Sea island landscape and janitorial service LLC,(843) 683-2438,"360 Spanish Wells Rd, Hilton Head Island, SC 29926, USA",,No Website,,,,,,,,,,,,,,,seaislandlandscapellc@gmail.com
ChIJy6lp0udw_IgRxswGE3PH4xQ,Landscape Solutions & Irrigation,(843) 684-4460,"12 Finch St, Hilton Head Island, SC 29926, USA",,No Website,,,,,,,,,,,,,,,andrewbrown73.ab@gmail.com
ChIJy6lp0udw_IgRxswGE3PH4xQ,Landscape Solutions & Irrigation,(843) 684-4460,"12 Finch St, Hilton Head Island, SC 29926, USA",,No Website,,,,,,,,,,,,,,,info@saludahill.com
ChIJy6lp0udw_IgRxswGE3PH4xQ,Landscape Solutions & Irrigation,(843) 684-4460,"12 Finch St, Hilton Head Island, SC 29926, USA",,No Website,,,,,,,,,,,,,,,sprinklersrepairsolo@gmail.com
ChIJc0vjdKWJ-4gRtT8gPVkeH9M,Better care lawn & landscaping LLC,N/A,"897 Fording Island Rd, Bluffton, SC 29910, USA",,No Website,,,,,,,,,,,,,,,bcarelandscaping@gmail.co
ChIJc0vjdKWJ-4gRtT8gPVkeH9M,Better care lawn & landscaping LLC,N/A,"897 Fording Island Rd, Bluffton, SC 29910, USA",,No Website,,,,,,,,,,,,,,,bcarelandscaping@gmail.com
ChIJc0vjdKWJ-4gRtT8gPVkeH9M,Better care lawn & landscaping LLC,N/A,"897 Fording Island Rd, Bluffton, SC 29910, USA",,No Website,,,,,,,,,,,,,,,kelly.trees@gmail.com
ChIJxYWtsHSP-4gR9nzLG6GTN2E,Tanner Landscape & Design,(843) 384-7104,"5 Tanner Ln, Bluffton, SC 29910, USA",,No Website,,,,,,,,,,,,,,,info@tannerdesignco.com
ChIJxYWtsHSP-4gR9nzLG6GTN2E,Tanner Landscape & Design,(843) 384-7104,"5 Tanner Ln, Bluffton, SC 29910, USA",,No Website,,,,,,,,,,,,,,,tannerlandsurveying@gmail.com
ChIJDTbfm5WP-4gRTg1CQnkcGNg,Aura's Landscaping,(843) 368-5207,"385 Gardners Cir, Bluffton, SC 29910, USA",,No Website,,,,,,,,,,,,,,,tovarleonardo656@gmail.com
ChIJFUOx6lGN-4gRUmcTa7f7i2k,G & E Landscaping Service. LLC,(843) 524-0817,"379 Mackinlay Way, Ridgeland, SC 29936, USA",,No Website,,,,,,,,,,,,,,,chad@gelawnservice.com
ChIJq1YBxy6N-4gRonKi_uuJcwA,Merritt Landscaping & Tree Service,(843) 781-0091,"15 Gregorie Neck Rd, Okatie, SC 29909, USA",,No Website,,,,,,,,,,,,,,,info@meritlandscapesolutions.com
ChIJq1YBxy6N-4gRonKi_uuJcwA,Merritt Landscaping & Tree Service,(843) 781-0091,"15 Gregorie Neck Rd, Okatie, SC 29909, USA",,No Website,,,,,,,,,,,,,,,merrittoutdoorservices@gmail.com
ChIJq1YBxy6N-4gRonKi_uuJcwA,Merritt Landscaping & Tree Service,(843) 781-0091,"15 Gregorie Neck Rd, Okatie, SC 29909, USA",,No Website,,,,,,,,,,,,,,,mlmservices850@gmail.com
ChIJCaLZZlZ4_IgRMA5ijWXGAfc,Coastal Curbing,(843) 384-2232,"33 Ferebee Ct, Bluffton, SC 29910, USA",,No Website,,,,,,,,,,,,,,,coastalcarolinacurbs@gmail.com
ChIJCaLZZlZ4_IgRMA5ijWXGAfc,Coastal Curbing,(843) 384-2232,"33 Ferebee Ct, Bluffton, SC 29910, USA",,No Website,,,,,,,,,,,,,,,greg@coastalcurbs.com
ChIJe_4noIeQ-4gRzCgZjapsCII,Innovation Landscaping LLC,(843) 295-9980,"3706 Freedom Pkwy, Hardeeville, SC 29927, USA",,No Website,,,,,,,,,,,,,,,emiliano.lopezlopez@yahoo.com
ChIJe_4noIeQ-4gRzCgZjapsCII,Innovation Landscaping LLC,(843) 295-9980,"3706 Freedom Pkwy, Hardeeville, SC 29927, USA",,No Website,,,,,,,,,,,,,,,info@innovativelandscapingservices.com
ChIJOX4rBJ9VLYgRnH5wJ9q6CNQ,Dirt Worx Excavating,(864) 905-3135,"5 Island W Ct, Bluffton, SC 29910, USA",,No Website,,,,,,,,,,,,,,,dirtworx13@gmail.com
ChIJOX4rBJ9VLYgRnH5wJ9q6CNQ,Dirt Worx Excavating,(864) 905-3135,"5 Island W Ct, Bluffton, SC 29910, USA",,No Website,,,,,,,,,,,,,,,scdirtwurx@gmail.com
ChIJ0xYfDEWI-4gRfelWqqM9clw,Maria's Landscape Design,(843) 683-8228,"47 Fernlakes Dr, Bluffton, SC 29910, USA",,No Website,,,,,,,,,,,,,,,maria.szakacs@compass.com
ChIJ0xYfDEWI-4gRfelWqqM9clw,Maria's Landscape Design,(843) 683-8228,"47 Fernlakes Dr, Bluffton, SC 29910, USA",,No Website,,,,,,,,,,,,,,,maria@mariahickeylandscapes.com
ChIJD95ymGd5-4gR_P2tMJzwddA,Savannah Turf & Hardscape L.L.C,(912) 503-0900,"109 Pine Valley Rd, Savannah, GA 31404, USA",,No Website,,,,,,,,,,,,,,,ebbandflowlawn@gmail.com
ChIJK4eY0Uuv-4gR_QGinPwKNOw,Southern Goat LLC,(912) 493-5019,"101 Blue Moon Xing Suite 3, BOX 158, Pooler, GA 31322, USA",,No Website,,,,,,,,,,,,,,,boomerranch@myyahoo.com
ChIJK4eY0Uuv-4gR_QGinPwKNOw,Southern Goat LLC,(912) 493-5019,"101 Blue Moon Xing Suite 3, BOX 158, Pooler, GA 31322, USA",,No Website,,,,,,,,,,,,,,,southerngoatllc@gmail.com
ChIJj40t3Cie-4gRbcf8TiA4NE8,Premier Landscape Management,(912) 213-2318,"606 W 51st St, Savannah, GA 31405, USA",,No Website,,,,,,,,,,,,,,,premierlandscapedesign@live.com
ChIJj40t3Cie-4gRbcf8TiA4NE8,Premier Landscape Management,(912) 213-2318,"606 W 51st St, Savannah, GA 31405, USA",,No Website,,,,,,,,,,,,,,,jreppy@gmail.com
ChIJVXJ5qMjnqW8RkIgvITFsOj0,Evergreen Terrain LLC,(912) 313-0848,"1305 Barnard St #702, Savannah, GA 31401, USA",,No Website,,,,,,,,,,,,,,,customerservice@evergreenterrain.com
ChIJ0fg5Bl2j-4gRxeLTw1mm-Is,SG landscaping,(763) 913-8265,"1475 Benton Blvd, Pooler, GA 31322, USA",,No Website,,,,,,,,,,,,,,,sglandscapingco@gmail.com
ChIJI4-89z0P-4gRGCUHoaDZnmI,Mikes Lawn & Landscaping,(912) 663-1944,"100 Edsel Dr, Richmond Hill, GA 31324, USA",,No Website,,,,,,,,,,,,,,,llc864-376-4242mike@mikeslawnmaintenance.commikeslawnmaintenance.com
ChIJI4-89z0P-4gRGCUHoaDZnmI,Mikes Lawn & Landscaping,(912) 663-1944,"100 Edsel Dr, Richmond Hill, GA 31324, USA",,No Website,,,,,,,,,,,,,,,mcmlandscape@outlook.com
ChIJI4-89z0P-4gRGCUHoaDZnmI,Mikes Lawn & Landscaping,(912) 663-1944,"100 Edsel Dr, Richmond Hill, GA 31324, USA",,No Website,,,,,,,,,,,,,,,mike@mikeslawnmaintenance.com
ChIJI4-89z0P-4gRGCUHoaDZnmI,Mikes Lawn & Landscaping,(912) 663-1944,"100 Edsel Dr, Richmond Hill, GA 31324, USA",,No Website,,,,,,,,,,,,,,,mikekenton66@gmail.com
ChIJsQtzXo-f-4gRbw4lJ4l6zVg,Coastal Landscape Supply,(912) 349-3394,"4 Telfair Pl, Savannah, GA 31415, USA",,No Website,,,,,,,,,,,,,,,info.clsllc@gmail.com
ChIJsQtzXo-f-4gRbw4lJ4l6zVg,Coastal Landscape Supply,(912) 349-3394,"4 Telfair Pl, Savannah, GA 31415, USA",,No Website,,,,,,,,,,,,,,,miguel@coastalhardscapesga.com
ChIJnR_ws4d3-4gRN4YolEhUhFc,Turf Services Inc,(912) 897-2061,"140 Johnny Mercer Blvd Suite 21-C, Savannah, GA 31410, USA",,No Website,,,,,,,,,,,,,,,info@carolinaturfservices.com
ChIJnR_ws4d3-4gRN4YolEhUhFc,Turf Services Inc,(912) 897-2061,"140 Johnny Mercer Blvd Suite 21-C, Savannah, GA 31410, USA",,No Website,,,,,,,,,,,,,,,info@scientificturf.com
ChIJnR_ws4d3-4gRN4YolEhUhFc,Turf Services Inc,(912) 897-2061,"140 Johnny Mercer Blvd Suite 21-C, Savannah, GA 31410, USA",,No Website,,,,,,,,,,,,,,,info@southernturfco.com
ChIJ8xUFltAL-4gRI__YY8XoaCU,Complete Lawn Care & Landscaping,(912) 927-0827,"1499 Grove Point Rd, Savannah, GA 31419, USA",,No Website,,,,,,,,,,,,,,,anthony@completeturfllc.com
ChIJ8xUFltAL-4gRI__YY8XoaCU,Complete Lawn Care & Landscaping,(912) 927-0827,"1499 Grove Point Rd, Savannah, GA 31419, USA",,No Website,,,,,,,,,,,,,,,completeturfllc@gmail.com
ChIJ8xUFltAL-4gRI__YY8XoaCU,Complete Lawn Care & Landscaping,(912) 927-0827,"1499 Grove Point Rd, Savannah, GA 31419, USA",,No Website,,,,,,,,,,,,,,,info@totallawnsc.com
ChIJ8xUFltAL-4gRI__YY8XoaCU,Complete Lawn Care & Landscaping,(912) 927-0827,"1499 Grove Point Rd, Savannah, GA 31419, USA",,No Website,,,,,,,,,,,,,,,marketing@unlimitedlawncare.com
ChIJ8xUFltAL-4gRI__YY8XoaCU,Complete Lawn Care & Landscaping,(912) 927-0827,"1499 Grove Point Rd, Savannah, GA 31419, USA",,No Website,,,,,,,,,,,,,,,ortizx1@gmail.com
ChIJ8xUFltAL-4gRI__YY8XoaCU,Complete Lawn Care & Landscaping,(912) 927-0827,"1499 Grove Point Rd, Savannah, GA 31419, USA",,No Website,,,,,,,,,,,,,,,robinsoncompletelawncare.ls@gmail.com
ChIJMcv1OB91-4gR22onSouqKv0,Lagunes Landscaping LLC,(912) 228-0663,"10509 Middleground Rd, Savannah, GA 31419, USA",,No Website,,,,,,,,,,,,,,,laguneslandscaping@gmail.com
ChIJCyHeDfB3-4gRcG-5Z4_cD28,Maloney's Landscape Management,(912) 897-2934,"1722 E President St, Savannah, GA 31404, USA",,No Website,,,,,,,,,,,,,,,maloney1@mindspring.com
ChIJUYODp9l1-4gR2RDRCBVQgik,Russell Landscape Savannah,(912) 355-0415,"6723 Skidaway Rd, Savannah, GA 31406, USA",,No Website,,,,,,,,,,,,,,,contact@russelllandscapegroup.com
ChIJUYODp9l1-4gR2RDRCBVQgik,Russell Landscape Savannah,(912) 355-0415,"6723 Skidaway Rd, Savannah, GA 31406, USA",,No Website,,,,,,,,,,,,,,,eileeng@russelllandscape.com
ChIJUYODp9l1-4gR2RDRCBVQgik,Russell Landscape Savannah,(912) 355-0415,"6723 Skidaway Rd, Savannah, GA 31406, USA",,No Website,,,,,,,,,,,,,,,natielisd@russelllandscape.com
ChIJe-pkClQHw4kRT-Vpe6ovsac,AB Small Engine Repair,(973) 664-7224,"13 Riverside Dr, Denville, NJ 07834, USA",,No Website,,,,,,,,,,,,,,,abuehler81@gmail.com
ChIJh8NdfoSnw4kRoxGmU6jvcPs,Lambo Landscaping LLC,(862) 219-0223,"31 Gloucester Rd, Parsippany, NJ 07054, USA",,No Website,,,,,,,,,,,,,,,lmblandscaping@outlook.com
ChIJ4fG0fSg_2UUREuuPBK6a6Dc,EZ ONE LANDSCAPING LLC,(732) 423-7926,"Bartha Ave, Edison, NJ 08817, USA",,No Website,,,,,,,,,,,,,,,ezhardscaping@gmail.com
ChIJ4fG0fSg_2UUREuuPBK6a6Dc,EZ ONE LANDSCAPING LLC,(732) 423-7926,"Bartha Ave, Edison, NJ 08817, USA",,No Website,,,,,,,,,,,,,,,ezlandscapes10@gmail.com
ChIJ4fG0fSg_2UUREuuPBK6a6Dc,EZ ONE LANDSCAPING LLC,(732) 423-7926,"Bartha Ave, Edison, NJ 08817, USA",,No Website,,,,,,,,,,,,,,,info@ezhardscaping.com
ChIJC5B49F_Hw4kRevJZtLp-HEc,"Bartolo's Lawn Service, LLC",(848) 228-0928,"23 Home St, Somerset, NJ 08873, USA",,No Website,,,,,,,,,,,,,,,bartoloslawncare@gmail.com
ChIJX_DrWyzHw4kRB3p2ZAJlDG8,Energy property maintenance and tree service,(732) 309-2420,"Somerset, NJ 08873, USA",,No Website,,,,,,,,,,,,,,,energytreeservice@gmail.com
ChIJX_DrWyzHw4kRB3p2ZAJlDG8,Energy property maintenance and tree service,(732) 309-2420,"Somerset, NJ 08873, USA",,No Website,,,,,,,,,,,,,,,energytreeservices@gmail.com
ChIJ2XcziHvHw4kRjwi7Jw23iM0,Rojas brothers landscaping llc,(732) 519-2018,"218 Suydam St, New Brunswick, NJ 08901, USA",,No Website,,,,,,,,,,,,,,,rojaslands@gmail.com
ChIJ2XcziHvHw4kRjwi7Jw23iM0,Rojas brothers landscaping llc,(732) 519-2018,"218 Suydam St, New Brunswick, NJ 08901, USA",,No Website,,,,,,,,,,,,,,,rojaslandscapellc@gmail.com
ChIJ2XcziHvHw4kRjwi7Jw23iM0,Rojas brothers landscaping llc,(732) 519-2018,"218 Suydam St, New Brunswick, NJ 08901, USA",,No Website,,,,,,,,,,,,,,,rojaslawnmaintenance@gmail.com
ChIJRT5B9blXxw8Rh6Prk3xVLr0,C & E Property MGT LLC,(908) 500-9534,"28A Rocktown Rd, Ringoes, NJ 08551, USA",,No Website,,,,,,,,,,,,,,,ceproperty2021@gmail.com
ChIJRT5B9blXxw8Rh6Prk3xVLr0,C & E Property MGT LLC,(908) 500-9534,"28A Rocktown Rd, Ringoes, NJ 08551, USA",,No Website,,,,,,,,,,,,,,,propertyservicesce@gmail.com
ChIJVVWxgaKEwYkRStlsu6Vhj4c,Shades Of Green Lawn Service,N/A,"323 Stinson Rd, Brick Township, NJ 08723, USA",,No Website,,,,,,,,,,,,,,,shadesofgreen@optonline.net
ChIJVVWxgaKEwYkRStlsu6Vhj4c,Shades Of Green Lawn Service,N/A,"323 Stinson Rd, Brick Township, NJ 08723, USA",,No Website,,,,,,,,,,,,,,,shadesofgreenlawn@yahoo.com
ChIJs_GFH_czx4kReybx9VqLUec,All Around Lawn Care,(856) 285-9530,"2921 Wilson Ave, Vineland, NJ 08360, USA",,No Website,,,,,,,,,,,,,,,seantuite2040@gmail.com
ChIJ75WQ01Ezx4kRtnniJ2F87UA,Universal Lawn Care,(856) 641-2104,"4518 E Sherman Ave, Millville, NJ 08332, USA",,No Website,,,,,,,,,,,,,,,universalhardscapingllc@gmail.com
ChIJnVsG7MM0x4kRVRUf1t-FSfE,South Jersey Landscape Design,(856) 825-1009,"2701 E Main St, Millville, NJ 08332, USA",,No Website,,,,,,,,,,,,,,,atechland@gmail.com
ChIJnVsG7MM0x4kRVRUf1t-FSfE,South Jersey Landscape Design,(856) 825-1009,"2701 E Main St, Millville, NJ 08332, USA",,No Website,,,,,,,,,,,,,,,info@jmalandscape.com
ChIJnVsG7MM0x4kRVRUf1t-FSfE,South Jersey Landscape Design,(856) 825-1009,"2701 E Main St, Millville, NJ 08332, USA",,No Website,,,,,,,,,,,,,,,justin@jerseylandscapedesign.com
ChIJnVsG7MM0x4kRVRUf1t-FSfE,South Jersey Landscape Design,(856) 825-1009,"2701 E Main St, Millville, NJ 08332, USA",,No Website,,,,,,,,,,,,,,,steve@beechwoodlandscape.com
ChIJcQQZFW8tx4kRHgz3ZO46xec,John's Lawn Maintenance,(856) 691-2017,"22 Maple Ave, Newfield, NJ 08344, USA",,No Website,,,,,,,,,,,,,,,jhgc@optimum.net
ChIJcQQZFW8tx4kRHgz3ZO46xec,John's Lawn Maintenance,(856) 691-2017,"22 Maple Ave, Newfield, NJ 08344, USA",,No Website,,,,,,,,,,,,,,,jmcevoylawn@gmail.com
ChIJcQQZFW8tx4kRHgz3ZO46xec,John's Lawn Maintenance,(856) 691-2017,"22 Maple Ave, Newfield, NJ 08344, USA",,No Website,,,,,,,,,,,,,,,pmac1team@gmail.com
ChIJw07hl3M1x4kRFOzIUSmrlIU,TRI STATE LAWN CARE LLC,(609) 846-6955,"1501 Oakland Ave STE A, Millville, NJ 08332, USA",,No Website,,,,,,,,,,,,,,,tristatelands@aol.com
ChIJMVlgSgV4pawRJx8ybe_ygvo,ANYTURF LANDSCAPE LLC,(631) 960-2338,"614 Sherman Ave, Millville, NJ 08332, USA",,No Website,,,,,,,,,,,,,,,atechland@gmail.com
ChIJzVlDTZrTxokRQHkx0n5S1PE,Green State Lanscaping & Lawn Service,(856) 625-6871,"11 Presidential Dr, Sicklerville, NJ 08081, USA",,No Website,,,,,,,,,,,,,,,officegreenroots@gmail.com
ChIJzVlDTZrTxokRQHkx0n5S1PE,Green State Lanscaping & Lawn Service,(856) 625-6871,"11 Presidential Dr, Sicklerville, NJ 08081, USA",,No Website,,,,,,,,,,,,,,,oneygreenstate@aol.com
ChIJVyXaKfGI-4gRRnr_XgdkQXY,Superior Lawn Maintenance Inc,(843) 757-6564,"8 Pritchard Farm Ct, Bluffton, SC 29910, USA",,No Website,,,,,,,,,,,,,,,info@superior-maintenance.com
ChIJVyXaKfGI-4gRRnr_XgdkQXY,Superior Lawn Maintenance Inc,(843) 757-6564,"8 Pritchard Farm Ct, Bluffton, SC 29910, USA",,No Website,,,,,,,,,,,,,,,info@superiorcutlawncare.com
ChIJKfy98UiI-4gRoN-H3k5lPkA,Low Country Chemical Lawn Care,(843) 837-2690,"106 Besseleiu Ct, Bluffton, SC 29910, USA",,No Website,,,,,,,,,,,,,,,hello@lowcountrylawns.com
ChIJKfy98UiI-4gRoN-H3k5lPkA,Low Country Chemical Lawn Care,(843) 837-2690,"106 Besseleiu Ct, Bluffton, SC 29910, USA",,No Website,,,,,,,,,,,,,,,lowcountrylandscapes1@gmail.com
ChIJKfy98UiI-4gRoN-H3k5lPkA,Low Country Chemical Lawn Care,(843) 837-2690,"106 Besseleiu Ct, Bluffton, SC 29910, USA",,No Website,,,,,,,,,,,,,,,lowcountrylawn789@gmail.com
ChIJKfy98UiI-4gRoN-H3k5lPkA,Low Country Chemical Lawn Care,(843) 837-2690,"106 Besseleiu Ct, Bluffton, SC 29910, USA",,No Website,,,,,,,,,,,,,,,sales@lowcountrylandscapes.com
ChIJb26ewEFTV6sRuGkDRbCi8TY,Two brothers landscaping,(843) 735-4742,"90 Ashley Hall Plantation Rd, Charleston, SC 29407, USA",,No Website,,,,,,,,,,,,,,,twobrotherscarega@gmail.com
ChIJb26ewEFTV6sRuGkDRbCi8TY,Two brothers landscaping,(843) 735-4742,"90 Ashley Hall Plantation Rd, Charleston, SC 29407, USA",,No Website,,,,,,,,,,,,,,,twobrotherslandscape11@gmail.com
ChIJi-yrbGB9_ogR_4E_T7gEuBo,Palmetto Rose Lawn Care,(843) 972-4017,"232 Larissa Dr, Charleston, SC 29414, USA",,No Website,,,,,,,,,,,,,,,install@palmettolandscapinganddesign.com
ChIJi-yrbGB9_ogR_4E_T7gEuBo,Palmetto Rose Lawn Care,(843) 972-4017,"232 Larissa Dr, Charleston, SC 29414, USA",,No Website,,,,,,,,,,,,,,,palmettolawnservice2020@gmail.com
ChIJi-yrbGB9_ogR_4E_T7gEuBo,Palmetto Rose Lawn Care,(843) 972-4017,"232 Larissa Dr, Charleston, SC 29414, USA",,No Website,,,,,,,,,,,,,,,support@palmettoroselawncare.com
ChIJDRo30M2j-4gRy2XzO4_h5uM,Green’s Lawn Pros LLC,(912) 777-9672,"7306 GA-21, Port Wentworth, GA 31407, USA",,No Website,,,,,,,,,,,,,,,d.g@greensouthernenterprise.com
ChIJDRo30M2j-4gRy2XzO4_h5uM,Green’s Lawn Pros LLC,(912) 777-9672,"7306 GA-21, Port Wentworth, GA 31407, USA",,No Website,,,,,,,,,,,,,,,jason@sclawnpros.com
ChIJC1FsDUB0-4gRbHs2B_zcqhY,Mark's Lawn Care Service,(912) 433-7382,"1725 Kings Way, Savannah, GA 31406, USA",,No Website,,,,,,,,,,,,,,,markdent96@yahoo.com
ChIJ04DBFGSe-4gR2faJb1h0sws,Grassroots Lawn Care,(912) 507-7352,"PO Box 16463, Savannah, GA 31416, USA",,No Website,,,,,,,,,,,,,,,info@grassrootslawnandlandscaping.com
ChIJ04DBFGSe-4gR2faJb1h0sws,Grassroots Lawn Care,(912) 507-7352,"PO Box 16463, Savannah, GA 31416, USA",,No Website,,,,,,,,,,,,,,,jwise@grassrootsturf.com
,Epoxy it floor designs,(843) 271-5911,"401 Ribaut Rd, Beaufort, SC 29902, USA",,No Website,,,,,,,,,,,,,,,georgiaepoxypros@gmail.com
,Epoxy it floor designs,(843) 271-5911,"401 Ribaut Rd, Beaufort, SC 29902, USA",,No Website,,,,,,,,,,,,,,,hisgraceepoxy@gmail.com
,Epoxy it floor designs,(843) 271-5911,"401 Ribaut Rd, Beaufort, SC 29902, USA",,No Website,,,,,,,,,,,,,,,info@pureepoxycoatings.com
,Epoxy it floor designs,(843) 271-5911,"401 Ribaut Rd, Beaufort, SC 29902, USA",,No Website,,,,,,,,,,,,,,,lowen@colorworldpainting.com
,Epoxy it floor designs,(843) 271-5911,"401 Ribaut Rd, Beaufort, SC 29902, USA",,No Website,,,,,,,,,,,,,,,performancee1129@gmail.com
,Epoxy it floor designs,(843) 271-5911,"401 Ribaut Rd, Beaufort, SC 29902, USA",,No Website,,,,,,,,,,,,,,,support@epoxyflooringmiddlegeorgia.com
,Epoxy it floor designs,(843) 271-5911,"401 Ribaut Rd, Beaufort, SC 29902, USA",,No Website,,,,,,,,,,,,,,,supremeepoxygeorgia@gmail.com
,Epoxy it floor designs,(843) 271-5911,"401 Ribaut Rd, Beaufort, SC 29902, USA",,No Website,,,,,,,,,,,,,,,whiteglovetreatmentllc@gmail.com
,Epoxy it floor designs,(843) 271-5911,"401 Ribaut Rd, Beaufort, SC 29902, USA",,No Website,,,,,,,,,,,,,,,zwiley@zacharydanielconcrete.com
,A Plus Epoxy Floors,+1 (201) 494-9939,"672 Palisade Ave apt 2B, Cliffside Park, NJ 07010",,No Website,,,,,,,,,,,,,,,aplusflooring01@gmail.com
,A Plus Epoxy Floors,+1 (201) 494-9939,"672 Palisade Ave apt 2B, Cliffside Park, NJ 07010",,No Website,,,,,,,,,,,,,,,aplusfloors@hotmail.com
,A Plus Epoxy Floors,+1 (201) 494-9939,"672 Palisade Ave apt 2B, Cliffside Park, NJ 07010",,No Website,,,,,,,,,,,,,,,epoxyfloors12@gmail.com
,A Plus Epoxy Floors,+1 (201) 494-9939,"672 Palisade Ave apt 2B, Cliffside Park, NJ 07010",,No Website,,,,,,,,,,,,,,,sales@epoxypluspro.com
,Active Construction Group,(856) 227-8282,,,,x,,,,,,,construction contractors suppliers,109 Blackwood Barnsboro Road , Sewell, NJ,08080,,,info@activecontractinginc.com
,AllBizOps,(848) 702-8522,,,,,x,,,,,,business service,991 U.S. Highway 22  Suite 200-210, Bridgewater, NJ, 08807,,,support@allbizops.com
,Amplus Funding LLC,(609) 455-1133,,,,x,,,,Mohamed Bakerywala,Mohamed,Bakerywala,financial institutions services,475 Wall Street , Princeton, NJ, 08540,,,mohamed.bakerywala@amplusfunding.com
,Architect Solutions,(973) 747-2571,,,,x,,,,,,,computers electronics,209 Wilbur Street , Englewood, NJ, 07631,,,info@solutions-arch.com
,Chromocell Corporation,(732) 565-1113,,,,x,,,,Jason ,Jason,,business service,685 US Highway One , North Brunswick, NJ, 08902,,,jason@chromocell.com
,Climax Global Energy,(908) 277-2227,,,,x,,,,,,,energy environment utility,450 Springfield Ave.  Suite 201, Summit, NJ,07901,,,contact@climax.global
,All Styling Studio,(973) 625-2228,,,,,,,,,,,,31 Broadway, Denville,NJ,07834,,,info@allstylingstudio.net
,California Beach Hut,(973) 627-4488,,,,,,,,,,,,2 Broadway, Denville,NJ,07834,,,calbeachhut@aol.com
,Caring Capital,(973) 625-4500,,,,,,,,,,,,126 Diamond Spring Rd, Denville,NJ,07834,,,vsansone@cpcbhc.org
,Denville Cleaners,(973) 625-4424,,,,,,,,,,,,31 E Main St, Denville,NJ,07834,,,denvillecleaners@gmail.com
,Denville Family Counseling,(973) 402-4041,,,,,,,,,,,,1 Broadway #201, Denville,NJ,07834,,,dkispert.pastoralcounselor@gmail.com
,Denville Hardware,(973) 627-2800,,,,,,,,,,,,20 1st Ave, Denville,NJ,07834,,,facebook@denvillehardware.com
,Denville Mart,(973) 627-7757,,,,,,,,,,,,1 Broadway, Denville,NJ,07834,,,info@denvilleartscouncil.org
,Dimitrios the Tailor (Roma Tailors LLC),(973) 957-0014,,,,,,,,,,,,16 Broadway, Denville,NJ,07834,,,appointment@romatailorsllc.com
,Dimitrios the Tailor (Roma Tailors LLC),(973) 957-0014,,,,,,,,,,,,16 Broadway, Denville,NJ,07834,,,info@romatailorsllc.com
,Dimitrios the Tailor (Roma Tailors LLC),(973) 957-0014,,,,,,,,,,,,16 Broadway, Denville,NJ,07834,,,rtailorsllc@gmail.com
,East Coast Salon,(973) 784-4777,,,,,,,,,,,,27 E Main St, Denville,NJ,07834,,,eastcoastsalonmgmt@gmail.com
,"Gary D. Grant Law (Grant Law Group, LLC)",(862) 209-4700,,,,,,,,Gary Grant,Gary,Grant,,23 Diamond Spring Rd  Suite 2, Denville,NJ,07834,,,garygrant22@gmail.com
,"Gary D. Grant Law (Grant Law Group, LLC)",(862) 209-4700,,,,,,,,Gary Grant,Gary,Grant,,23 Diamond Spring Rd  Suite 2, Denville,NJ,07834,,,garysparalegal@gmail.com
,Greece Lightning,(973) 627-2407,,,,,,,,,,,,20 Broadway, Denville,NJ,07834,,,kritisicilia@gmail.com
,J. Velocci & Associates,(973) 627-8020,,,,,,,,Nancy ,Nancy,,,16 Broadway, Denville,NJ,07834,,,nancy@jvafirm.com
,Jackons-Jarrell Education,(973) 625-4600,,,,,,,,Angela ,Angela,,,23 Diamond Spring Rd, Denville,NJ,07834,,,angela@jackson-education.com
,Jackons-Jarrell Education,(973) 625-4600,,,,,,,,Angela ,Angela,,,23 Diamond Spring Rd, Denville,NJ,07834,,,ilene@jarrelleducation.com
,Jackons-Jarrell Education,(973) 625-4600,,,,,,,,Angela ,Angela,,,23 Diamond Spring Rd, Denville,NJ,07834,,,info@jarrelleducation.com
,Janet C. Navarro Attorney at Law,(973) 625-1100,,,,,,,,,,,,2 Broadway, Denville,NJ,07834,,,navarro@bellatlantic.net
,"Joseph Sirvent, PA (Attorney)",(973) 627-2270,,,,,,,,Joseph Sirvent,Joseph,Sirvent,,2 Broadway, Denville,NJ,07834,,,josephjsirventpa@gmail.com
,Judith A. Fallat Attorney at Law,(973) 983-5800,,,,,,,,Judith Fallat,Judith,Fallat,,1 Broadway #201, Denville,NJ,07834,,,info@fallatlaw.net
,"Leslie Malnak, MSW, ACSW",(973) 627-8900,,,,,,,,Leslie Malnak,Leslie,Malnak,,1 Broadway #201, Denville,NJ,07834,,,lesliemalnak@gmail.com
,Matthew Vincent Hair Studio,(973) 627-7000,,,,,,,,Matthew Vincent,Matthew,Vincent,,5 Broadway, Denville,NJ,07834,,,matthewvincenthairstudio@gmail.com
,Medical Ear Piercing Clinic,(973) 983-0000,,,,,,,,,,,,31 Broadway #1, Denville,NJ,07834,,,info@medicalearpiercing.com
,"Megan Lukany, CHES, LSCW",(973) 625-4500,,,,,,,,Megan Lukany,Megan,Lukany,,1 Broadway #201, Denville,NJ,07834,,,meganlukanyllc@gmail.com
,Mutts on Broadway,(973) 627-6666,,,,,,,,,,,,56 Broadway, Denville,NJ,07834,,,info@muttsonmain.com
,Nail House,(973) 627-2000,,,,,,,,,,,,2 Broadway, Denville,NJ,07834,,,denville@ateliersalonandspa.com
,Nail House,(973) 627-2000,,,,,,,,,,,,2 Broadway, Denville,NJ,07834,,,email@ateliersalonandspa.com
,"Next Generation Medical & Wellness, Inc.",(973) 784-4777,,,,,,,,,,,,10 E Main St, Denville,NJ,07834,,,agarcia@nextgwellness.com
,"Nina F. Rifkind, LCSW, LLC",(973) 627-1400,,,,,,,,Nina ,Nina,,,1 Broadway, Denville,NJ,07834,,,nina@ocdnj.co
,"Nina F. Rifkind, LCSW, LLC",(973) 627-1400,,,,,,,,Nina ,Nina,,,1 Broadway, Denville,NJ,07834,,,nina@ocdnj.com
,North Jersey Hand Surgery at SMG,(973) 627-7777,,,,,,,,,,,,35 W Main St #201, Denville,NJ,07834,,,wecare@summithealth.com
,North Jersey Hand Surgery at SMG,(973) 627-7777,,,,,,,,,,,,35 W Main St #201, Denville,NJ,07834,,,wecare@summithealthcare.com
,Oriental Express,(973) 627-3100,,,,,,,,,,,,25 Broadway, Denville,NJ,07834,,,info@chinesemenuonline.com
,Remo A Caputo Law,(973) 627-8020,,,,,,,,Remo Caputo,Remo,Caputo,,10 Broadway, Denville,NJ,07834,,,remocaputo@msn.com
,"Revelation Gallery, Inc.",(973) 625-7070,,,,,,,,,,,,16 Broadway, Denville,NJ,07834,,,revgallery@aol.com
,Richards & Summers Insurance,(973) 627-2000,,,,,,,,,,,,2 Broadway, Denville,NJ,07834,,,info@richsum.com
,Robyn Ann Valle Law,(973) 627-3000,,,,,,,,RobynAnn Valle ,RobynAnn,Valle ,,2 Broadway, Denville,NJ,07834,,,robyn@rvallelaw.co
,Robyn Ann Valle Law,(973) 627-3000,,,,,,,,RobynAnn Valle ,RobynAnn,Valle ,,2 Broadway, Denville,NJ,07834,,,robyn@rvallelaw.com
,"Roma Tailors, LLC",(973) 957-0014,,,,,,,,,,,,16 Broadway, Denville,NJ,07834,,,appointment@romatailorsllc.com
,"Roma Tailors, LLC",(973) 957-0014,,,,,,,,,,,,16 Broadway, Denville,NJ,07834,,,info@romatailorsllc.com
,"Roma Tailors, LLC",(973) 957-0014,,,,,,,,,,,,16 Broadway, Denville,NJ,07834,,,rtailorsllc@gmail.com
,Scott Cosine (Financial Advisor),(973) 627-2000,,,,,,,,,,,,2 Broadway, Denville,NJ,07834,,,e.costine@lpl.com
,Scott Cosine (Financial Advisor),(973) 627-2000,,,,,,,,,,,,2 Broadway, Denville,NJ,07834,,,scott.e.costine@lpl.com
,Sergio & Company,(973) 627-7700,,,,,,,,,,,,18 Broadway, Denville,NJ,07834,,,contact.sergioandcompany@gmail.com
,Sergio & Company,(973) 627-7700,,,,,,,,,,,,18 Broadway, Denville,NJ,07834,,,sergioandcompany@aol.com
,Sharper Speech Therapy,(973) 625-8300,,,,,,,,,,,,10 Broadway, Denville,NJ,07834,,,hello@sharperspeech.com
,Shoe & Sneaker Barn,(973) 627-3000,,,,,,,,,,,,2 Broadway, Denville,NJ,07834,,,info@shoeandsneakerbarn.com
,Side by Side F.A. Inc,(973) 627-2000,,,,,,,,,,,,1 Broadway, Denville,NJ,07834,,,sidebysidefa@yahoo.com
,Sisters (Boutique),(973) 627-7400,,,,,,,,,,,,18 Broadway, Denville,NJ,07834,,,sisters.denville@gmail.com
,Speech Therapy Center LLC,(973) 627-7300,,,,,,,,,,,,2 Broadway, Denville,NJ,07834,,,speechtxcenter@aol.com
,StateFarm Insurance,(973) 627-7400,,,,,,,,,,,,1 Broadway #201, Denville,NJ,07834,,,matthette@agentwilliams.com
,StateFarm Insurance,(973) 627-7400,,,,,,,,,,,,1 Broadway #201, Denville,NJ,07834,,,statefarmclaims@statefarm.com
,Steven H Wolff Law,(973) 627-7000,,,,,,,,,,,,2 Broadway, Denville,NJ,07834,,,ltorosian@einhornlawyers.com
,Steven H Wolff Law,(973) 627-7000,,,,,,,,,,,,2 Broadway, Denville,NJ,07834,,,mtroiano@einhornlawyers.com
,Steven H Wolff Law,(973) 627-7000,,,,,,,,,,,,2 Broadway, Denville,NJ,07834,,,steven@stevenwolfflaw.com
,Steven H Wolff Law,(973) 627-7000,,,,,,,,,,,,2 Broadway, Denville,NJ,07834,,,steven@wolfflawnj.co
,Steven H Wolff Law,(973) 627-7000,,,,,,,,,,,,2 Broadway, Denville,NJ,07834,,,steven@wolfflawnj.com
,Steven H Wolff Law,(973) 627-7000,,,,,,,,,,,,2 Broadway, Denville,NJ,07834,,,swolff@einhornlawyers.com
,Summit & Main Deli,(973) 627-7777,,,,,,,,,,,,2 E Main St, Denville,NJ,07834,,,summitandmain@aol.com
,Three Steps Forward,(973) 625-2400,,,,,,,,,,,,18 Broadway, Denville,NJ,07834,,,lleinwand@3stepsforward.net
,Tim Mosel’s Custom Golf & Repair,(973) 625-2277,,,,,,,,,,,,16 Broadway, Denville,NJ,07834,,,timmoselgolf@gmail.com
,Tony’s Jewelers,(973) 627-8020,,,,,,,,Tony ,Tony,,,30 Diamond Spring Rd, Denville,NJ,07834,,,tonysjewelers@gmail.com
,Total Eyecare,(973) 627-1400,,,,,,,,,,,,10 Broadway, Denville,NJ,07834,,,info.denville@totalicare.com
,Van Hoven Music Studio,(973) 625-2200,,,,,,,,Valerie,,,,2 Broadway, Denville,NJ,07834,,,valerie@vanhovenmusic.com
,Wish (Boutique),(973) 625-2400,,,,,,,,,,,,18 Broadway, Denville,NJ,07834,,,boutiquebywish@gmail.com
,Yama Sushi,(973) 625-8889,,,,,,,,,,,,55 Diamond Spring Rd, Denville,NJ,07834,,,info@yamasushi.com
,Yang Acupuncture,(973) 784-4800,,,,,,,,Xiuxia Yang,Xiuxia,Yang,,10 E Main St, Denville,NJ,07834,,,xiuxia_yang@yahoo.com
,Zimmerman Architects,(973) 627-7400,,,,,,,,,,,,10 Broadway, Denville,NJ,07834,,,info@zimarch.com
,Affinity Federal Credit Union - Basking Ridge,,,,,x,,x,x,,,,,73 Mountain View Blvd.,Basking Ridge,NJ,07920,affinityfcu.com,,memberrequests@affinityfcu.com
,"Allied Title, LLC",(862) 259-3127,,,,x,,x,x,Amanda Stormo,Amanda,Stormo,,360 Route 24,Chester,NJ,07930,allied-title.com,,mailbox@allied-title.com
,"Allied Title, LLC",(862) 259-3127,,,,x,,x,x,Amanda Stormo,Amanda,Stormo,,360 Route 24,Chester,NJ,07930,allied-title.com,,office@allied-title.com
,Campfire Consultants,908-674-0484,,,,x,,x,x,Tom Antony,Tom,Antony,,59 Winding Hill Dr.,Hackettstown,NJ,07840,campfire.consulting,,careers@campfire.consulting
,Campfire Consultants,908-674-0484,,,,x,,x,x,Tom Antony,Tom,Antony,,59 Winding Hill Dr.,Hackettstown,NJ,07840,campfire.consulting,,info@campfire.consulting
,JB Strategic Solutions,973-476-5352,,,,x,,x,x,Jim Beamesderfer,Jim,Beamesderfer,,41 Jaime Ct,Morris Plains,NJ,07950,jbstrategic.com,,contact@jbstrategic.com
,Madison Housing Authority,973-377-0258,,,,x,,x,x,Elaine M,Elaine,M,,24 Central Avenue,Madison,NJ,07940,madisonha.com,,elainem@madisonha.com
,Madison Housing Authority,973-377-0258,,,,x,,x,x,Elaine M,Elaine,M,,24 Central Avenue,Madison,NJ,07940,madisonha.com,,jessicak@madisonha.com
,Madison Housing Authority,973-377-0258,,,,x,,x,x,Elaine M,Elaine,M,,24 Central Avenue,Madison,NJ,07940,madisonha.com,,madisonha@madisonha.com
,Madison Housing Authority,973-377-0258,,,,x,,x,x,Elaine M,Elaine,M,,24 Central Avenue,Madison,NJ,07940,madisonha.com,,pellessierm@rosenet.org
,Market Street Mission Thrift Store,,,,,x,,x,x,,,,,25 George Street,Morristown,NJ,07960,marketstreet.org,,connect@marketstreet.org
,Market Street Mission Thrift Store,,,,,x,,x,x,,,,,25 George Street,Morristown,NJ,07960,marketstreet.org,,dmckenna@marketstreet.org
,Market Street Mission Thrift Store,,,,,x,,x,x,,,,,25 George Street,Morristown,NJ,07960,marketstreet.org,,mtretail@marketstreet.org
,Market Street Mission Thrift Store,,,,,x,,x,x,,,,,25 George Street,Morristown,NJ,07960,marketstreet.org,,dispatch@marketstreet.org
,"Melaleuca, Inc.",,,,,x,,x,x,,,,,205 Old Wood Lane,Boonton Township,NJ,07005,melaleuca.com,,bdinfo@melaleuca.com
,"Melaleuca, Inc.",,,,,x,,x,x,,,,,205 Old Wood Lane,Boonton Township,NJ,07005,melaleuca.com,,info@melaleuca.com
,"Melaleuca, Inc.",,,,,x,,x,x,,,,,205 Old Wood Lane,Boonton Township,NJ,07005,melaleuca.com,,myaccount@melaleuca.com
,"Melaleuca, Inc.",,,,,x,,x,x,,,,,205 Old Wood Lane,Boonton Township,NJ,07005,melaleuca.com,,privacy@melaleuca.com
,"Melaleuca, Inc.",,,,,x,,x,x,,,,,205 Old Wood Lane,Boonton Township,NJ,07005,melaleuca.com,,websupport@melaleuca.com
,Morris County Chamber of Commerce,,,,,,,,x,,,,,325 Columbia Turnpike,Florham Park,NJ,07932,morrischamber.org,,chamberworks@morrischamber.org
,Morris County Chamber of Commerce,,,,,,,,x,,,,,325 Columbia Turnpike,Florham Park,NJ,07932,morrischamber.org,,events@morrischamber.org
,Morris County Chamber of Commerce,,,,,,,,x,,,,,325 Columbia Turnpike,Florham Park,NJ,07932,morrischamber.org,,mike@morrischamber.org
,navitend,,,,,x,,x,x,,,,,23 US-206,Stanhope,NJ,07874,navitend.com,,info@navitend.com
,navitend,,,,,x,,x,x,,,,,23 US-206,Stanhope,NJ,07874,navitend.com,,support@navitend.com
,navitend,,,,,x,,x,x,,,,,23 US-206,Stanhope,NJ,07874,navitend.com,,support@navitend.co
,Sergeant Marketing,(973) 334-6666,,,,,x,,x,Nancy Sergeant,Nancy,Sergeant,,19 Lakeview Terrace,Montville,NJ,07045,sergeantmarketing.com,,info@sergeantmarketing.com
,Sergeant Marketing,(973) 334-6666,,,,,x,,x,Nancy Sergeant,Nancy,Sergeant,,19 Lakeview Terrace,Montville,NJ,07045,sergeantmarketing.com,,nsergeant@sergeantmarketing.com
,Skylands Legal,,,,,x,,x,x,,,,,191 Woodport Road,Sparta,NJ,07871,skylandslegal.com,,joshua@skylandslegal.com
,Skylands Legal,,,,,x,,x,x,,,,,191 Woodport Road,Sparta,NJ,07871,skylandslegal.com,,office@skylandslegal.com
,The Funplex,,,,,x,,x,x,,,,,182 Route 10 West,East Hanover,NJ,07936,thefunplex.com,,contactus@thefunplex.com
,The Funplex,,,,,x,,x,x,,,,,182 Route 10 West,East Hanover,NJ,07936,thefunplex.com,,hiring.easthanover@thefunplex.com
,The Funplex,,,,,x,,x,x,,,,,182 Route 10 West,East Hanover,NJ,07936,thefunplex.com,,jameelah@thefunplex.com
,The Funplex,,,,,x,,x,x,,,,,182 Route 10 West,East Hanover,NJ,07936,thefunplex.com,,membershipseh@thefunplex.com
,The Funplex,,,,,x,,x,x,,,,,182 Route 10 West,East Hanover,NJ,07936,thefunplex.com,,thomas@thefunplex.com
,USI Insurance Services,,,,,x,,x,x,,,,,180 Park Avenue - Suite 103,Florham Park,NJ,07932,usi.com,,answers@usi.com
,USI Insurance Services,,,,,x,,x,x,,,,,180 Park Avenue - Suite 103,Florham Park,NJ,07932,usi.com,,custserv@usi.com
,USI Insurance Services,,,,,x,,x,x,,,,,180 Park Avenue - Suite 103,Florham Park,NJ,07932,usi.com,,lplcoverage@usiaffinity.com
,USI Insurance Services,,,,,x,,x,x,,,,,180 Park Avenue - Suite 103,Florham Park,NJ,07932,usi.com,,myusi.ne@usi.com
,USI Insurance Services,,,,,x,,x,x,,,,,180 Park Avenue - Suite 103,Florham Park,NJ,07932,usi.com,,usiinsuranceclaimscenter@usi.com
,CBRE - Tom Mallaney,,,,,,,,x,Thomas M Mallaney,Thomas,M Mallaney,,,,,,cbre.com,,thomas.mallaney@cbre.com
,"DWS Landscaping, LLC",,,,,x,,x,x,,,,,,,,,dwslandscaping.com,,info@dwslandscaping.com
,Logan Business Development,201-572-1157,,,,,,,x,Dan Orlando,Dan,Orlando,,,,,,morrischamber.org,,chamberworks@morrischamber.org
,Luminarc Strategic Partners,973-264-9332,,,,x,,x,x,Steve Waiculonis,Steve,Waiculonis,,,,,,luminarcsp.com,,info@luminarcsp.com
,Modern Group LTD,,,,,x,,x,x,,,,,,,,,moderngroup.com,,equipmentandsupplysales@moderngroup.com
,Modern Group LTD,,,,,x,,x,x,,,,,,,,,moderngroup.com,,gsales@moderngroup.com
,Modern Group LTD,,,,,x,,x,x,,,,,,,,,moderngroup.com,,marketing@moderngroup.com
,Modern Group LTD,,,,,x,,x,x,,,,,,,,,moderngroup.com,,recruiting@moderngroup.com
,Modern Group LTD,,,,,x,,x,x,,,,,,,,,moderngroup.com,,rental@moderngroup.com
,Nexus Wealth Management,973-303-7490,,,,x,,x,x,Arthur Levine,Arthur,Levine,,,,,,ampf.com,,arthur.levine@ampf.com
,Nexus Wealth Management,973-303-7490,,,,x,,x,x,Arthur Levine,Arthur,Levine,,,,,,ampf.com,,bolutife.ogunsuyi@ampf.com
,Nexus Wealth Management,973-303-7490,,,,x,,x,x,Arthur Levine,Arthur,Levine,,,,,,ampf.com,,john.kane@ampf.com
,Nexus Wealth Management,973-303-7490,,,,x,,x,x,Arthur Levine,Arthur,Levine,,,,,,ampf.com,,nexuswealthmanagement@ampf.com
,Sustain Exchange,203-561-8318,,,,x,,x,x,Steven Feldman,Steven,Feldman,,,,,,sustainexchange.com,,membership@sustainexchange.com
,Fulton Bank,,,,,,,,,,,,,,,,,,,.support@upstart.com
,Fulton Bank,,,,,,,,,,,,,,,,,,,customeradvocacy@fultonbank.com
,Fulton Bank,,,,,,,,,,,,,,,,,,,customerservice@fultonbank.com
,Fulton Bank,,,,,,,,,,,,,,,,,,,fultonbank.support@upstart.com
,Absolute Merchant Services LLC,5614452243,,,,,,,,,,,,,,,,,,info@absolutemerchantprocessing.com
,Dahlstrom Developments,5128230158,,,,,,,,,,,,,,,,,,scheduling@dahlstromdevelopments.com
,Dawn Morgan_REALTOR@ Realty ONE Group Inclusion,9123133777,,,,,,,,,,,,,,,,,,dmorgan@roginclusion.com
,Gay F. Rothe,8436899696,,,,,,,,,,,,,,,,,,gay.rothe@company.com
,Johnson Group Coaching & Consulting,7632189053,,,,,,,,,,,,,,,,,,pamela@pamelajohnsoncoaching.com
,Mitchell Trucking LLC,8437831502,,,,,,,,,,,,,,,,,,cmitchtrucking@gmail.com
,Mitchell Trucking LLC,8437831502,,,,,,,,,,,,,,,,,,mitchelltrucking81@yahoo.com
,"Ramos Properties, LLC",5162384757,,,,,,,,,,,,,,,,,,rekarlaramos@gmail.com
,Tilton Commercial Group,,,,,,,,,,,,,,,,,,,info@dtg-inc.net
,Tilton Commercial Group,,,,,,,,,,,,,,,,,,,kim@dewitttiltongroup.com
,Tilton Commercial Group,,,,,,,,,,,,,,,,,,,seth@sethtilton.com
,TR Moving And Hauling,8438127456,,,,,,,,,,,,,,,,,,tyler@trmovingservices.com
,TR Moving And Hauling,8438127456,,,,,,,,,,,,,,,,,,tylerriceservices@gmail.com
,Trish Heichel,8433840640,,,,,,,,,,,,,,,,,,trish.heichel@ceismc.gatech.edu